author,id,title
65,1513,"Romeo and Juliet"
65,100,"The Complete Works of William Shakespeare"
65,27761,"Hamlet, Prince of Denmark"
65,23042,"The Tempest"
65,1533,"Macbeth"
65,1514,"A Midsummer Night's Dream"
65,1531,"Othello, the Moor of Venice"
65,1522,"Julius Caesar"
65,1515,"The Merchant of Venice"
65,1526,"Twelfth Night; Or, What You Will"
65,1519,"Much Ado about Nothing"
65,1041,"Shakespeare's Sonnets"
65,1430,"Beautiful Stories from Shakespeare"
65,1532,"The Tragedy of King Lear"
65,47960,"Shakespeare's Tragedy of Romeo and Juliet"
65,1508,"The Taming of the Shrew"
65,23046,"The Comedy of Errors"
65,1112,"The Tragedy of Romeo and Juliet"
65,23045,"Measure for Measure"
65,1534,"Antony and Cleopatra"
65,1523,"As You Like It"
65,28334,"The New Hudson Shakespeare: Julius Cæsar"
65,1539,"The Winter's Tale"
65,43440,"Arden of Feversham"
61,84,"Frankenstein; Or, The Modern Prometheus"
61,18247,"The Last Man"
61,15238,"Mathilda"
61,56665,"Tales and Stories"
61,65228,"Eminent literary and scientific men of Italy, Spain, and Portugal. Vol. 3 (of 3)"
61,62404,"Frankenstein, ou le Prométhée moderne Volume 1 (of 3) (French)"
61,6447,"Proserpine and Midas"
61,52790,"History of a Six Weeks' Tour Through a Part of France, Switzerland, Germany, and H"
61,4695,"Notes to the Complete Poetical Works of Percy Bysshe Shelley"
61,62405,"Frankenstein, ou le Prométhée moderne Volume 2 (of 3) (French)"
61,65317,"Lives of the most eminent literary and scientific men of France, Vol. 1 (of 2)"
61,64329,"Falkner: A Novel"
61,62406,"Frankenstein, ou le Prométhée moderne Volume 3 (of 3) (French)"
61,66749,"The Fortunes of Perkin Warbeck: a romance"
61,65030,"Eminent literary and scientific men of Italy, Spain, and Portugal. Vol. 1 (of 3)"
61,65361,"Lives of the most eminent literary and scientific men of France, Vol. 2 (of 2)"
61,74280,"Rambles in Germany and Italy in 1840, 1842, and 1843, vol. 1 of 2"
61,65110,"Eminent literary and scientific men of Italy, Spain, and Portugal. Vol. 2 (of 3)"
61,74301,"Rambles in Germany and Italy in 1840, 1842, and 1843, vol. 2 of 2"
61,63337,"Valperga Volume 1 (of 3)"
61,63338,"Valperga Volume 2 (of 3)"
37,98,"A Tale of Two Cities"
37,1400,"Great Expectations"
37,46,"A Christmas Carol in Prose; Being a Ghost Story of Christmas"
37,730,"Oliver Twist"
37,786,"Hard Times"
37,766,"David Copperfield"
37,24022,"A Christmas Carol"
37,1023,"Bleak House"
37,580,"The Pickwick Papers"
37,675,"American Notes"
37,883,"Our Mutual Friend"
37,967,"Nicholas Nickleby"
37,700,"The Old Curiosity Shop"
37,963,"Little Dorrit"
37,1289,"Three Ghost Stories"
37,821,"Dombey and Son"
37,564,"The Mystery of Edwin Drood"
37,882,"Sketches by Boz, Illustrative of Every-Day Life and Every-Day People"
37,968,"Martin Chuzzlewit"
37,47529,"Oliver Twist, Vol. 1 (of 3)"
37,917,"Barnaby Rudge: A Tale of the Riots of 'Eighty"
37,914,"The Uncommercial Traveller"
37,25852,"The Letters of Charles Dickens. Vol. 1, 1833-1856"
53,76,"Adventures of Huckleberry Finn"
53,74,"The Adventures of Tom Sawyer, Complete"
53,1837,"The Prince and the Pauper"
53,245,"Life on the Mississippi"
53,3176,"The Innocents Abroad"
53,3177,"Roughing It"
53,3178,"The Gilded Age: A Tale of Today"
53,8525,"Eve's Diary, Complete"
53,3186,"The Mysterious Stranger, and Other Stories"
53,102,"The Tragedy of Pudd'nhead Wilson"
53,2895,"Following the Equator: A Journey Around the World"
53,10947,"The Best American Humorous Short Stories"
53,70,"What Is Man? and Other Essays"
53,1213,"The Man That Corrupted Hadleyburg"
53,3174,"A Dog's Tale"
53,7100,"Adventures of Huckleberry Finn, Chapters 01 to 05"
53,119,"A Tramp Abroad"
53,3188,"Mark Twain's Speeches"
53,142,"The $30,000 Bequest, and Other Stories"
53,28803,"The Works of Mark Twain: An Index of all Project Gutenberg Editions"
111,844,"The Importance of Being Earnest: A Trivial Comedy for Serious People"
111,174,"The Picture of Dorian Gray"
111,1057,"Poems, with The Ballad of Reading Gaol"
111,921,"De Profundis"
111,902,"The Happy Prince, and Other Tales"
111,42704,"Salomé: A Tragedy in One Act"
111,790,"Lady Windermere's Fan"
111,885,"An Ideal Husband"
111,14522,"The Canterville Ghost"
111,773,"Lord Arthur Savile's Crime; The Portrait of Mr. W.H., and Other Stories"
111,887,"Intentions"
111,854,"A Woman of No Importance"
111,14683,"Poèmes (French)"
111,774,"Essays and Lectures"
111,44238,"Das Bildnis des Dorian Gray (German)"
111,14240,"Reviews"
111,1017,"The Soul of Man under Socialism"
111,873,"A House of Pomegranates"
111,58329,"Index of the Project Gutenberg Works of Oscar Wilde"
111,301,"The Ballad of Reading Gaol"
111,14192,"Le portrait de Dorian Gray (French)"
111,1338,"Selected Prose of Oscar Wilde"
68,1342,"Pride and Prejudice"
68,158,"Emma"
68,161,"Sense and Sensibility"
68,105,"Persuasion"
68,121,"Northanger Abbey"
68,141,"Mansfield Park"
68,42078,"The Letters of Jane"
68,31100,"The Complete Project Gutenberg Works of Jane Austen"
68,1212,"Love and Freindship [sic]"
68,946,"Lady Susan"
68,37431,"Pride and Prejudice, a play founded on Jane Austen's novel"
68,63569,"The Watsons: By Jane Austen, Concluded by L. Oulton"
68,74233,"Fragment of a novel written by Jane Austen, January-March 1817 :  Now first printed from the manuscript"
314,2554,"Crime and Punishment"
314,28054,"The Brothers Karamazov"
314,36034,"White Nights and Other Stories"
314,600,"Notes from the Underground"
314,2638,"The Idiot"
314,8578,"The Grand Inquisitor"
314,8117,"The possessed :  or, The devils"
314,13437,"Best Russian Short Stories"
314,61851,"El crimen y el castigo (Spanish)"
314,40745,"Short Stories"
314,2197,"The Gambler"
314,60340,"Sämtliche Werke 3-4 :  Der Idiot (German)"
314,2302,"Poor Folk"
314,57050,"Stavrogin's Confession and The Plan of The Life of a Great Sinner"
314,37536,"The House of the Dead; or, Prison Life in "
314,34225,"Zápisky z mrtvého domu (Czech)"
314,59196,"Index of the Project Gutenberg Works of Fyodor Dostoevsky"
314,67541,"Sämtliche Werke 9-10 :  Die Brüder Karamasoff (German)"
314,61906,"Sämtliche Werke 5-6 :  Die Dämonen (German)"
314,38336,"Der Großinquisitor (German)"
314,58238,"Sämtliche Werke 1-2 :  Rodion Raskolnikoff (Schuld und Sühne) (German)"
314,38241,"Uncle's Dream; and The Permanent Husband"
314,75698,"Sämtliche Werke 15 :  Helle Nächte : Vier Novellen (German)"
9,2701,"Moby Dick; Or, The Whale"
9,11231,"Bartleby, the Scrivener: A Story of Wall-Street"
9,15,"Moby-Dick; or, The Whale"
9,15859,"The Piazza Tales"
9,10712,"White Jacket; Or, The World on a Man-of-War"
9,34970,"Pierre; or The Ambiguities"
9,21816,"The Confidence-Man: His Masquerade"
9,12384,"Battle-Pieces and Aspects of the War"
9,1900,"Typee: A Romance of the South Seas"
9,8118,"Redburn. His First"
9,58477,"Index of the Project Gutenberg Works of Herman Melville"
9,53861,"The Apple-Tree Table, and Other Sketches"
9,13720,"Mardi: and A Voyage Thither, Vol. I"
9,15422,"Israel Potter: His Fifty Years of Exile"
9,2694,"I and My Chimney"
9,13721,"Mardi: and A Voyage Thither, Vol. II"
9,12841,"John Marr and Other Poems"
9,66684,"Life and Remarkable Adventures of Israel R. Potter"
31855,26184,"Simple Sabotage Field Manual"
492,1259,"Twenty years after"
492,1184,"The Count of Monte Cristo"
492,17989,"Le comte de Monte-Cristo, Tome I (French)"
492,1257,"The three musketeers"
492,13951,"Les trois mousquetaires (French)"
492,2759,"The Man in the Iron Mask"
492,65391,"Il Conte di Monte-Cristo (Italian)"
492,965,"The black tulip"
492,50426,"My Memoirs, Vol. III, 1826 to 1830"
492,2609,"The Vicomte de Bragelonne"
492,17990,"Le comte de Monte-Cristo, Tome II (French)"
492,50768,"My Memoirs, Vol. V, 1831 to 1832"
492,49678,"My Memoirs, Vol. I, 1802 to 1821"
492,2760,"Celebrated Crimes (Complete)"
492,56054,"Les trois mousquetaires, Volume  1 (of 2) (French)"
492,17992,"Le comte de Monte-Cristo, Tome IV (French)"
492,10577,"International Short Stories: French"
492,50113,"My Memoirs, Vol. II, 1822 to 1825"
492,2746,"Urbain G"
492,51105,"My Memoirs, Vol. VI, 1832 to 1833"
492,17991,"Le comte de Monte-Cristo, Tome III (French)"
492,2743,"Massacres of the South (155"
492,2741,"The "
492,2681,"Ten Years Later"
492,74029,"La dama de las camelias; Una familia corsa (Spanish)"
69,1661,"The Adventures of Sherlock Holmes"
69,244,"A Study in Scarlet"
69,2852,"The Hound of the Baskervilles"
69,2097,"The Sign of the Four"
69,834,"The Memoirs of Sherlock Holmes"
69,108,"The Return of Sherlock Holmes"
69,48320,"Adventures of Sherlock Holmes"
69,3289,"The Valley of Fear"
69,139,"The Lost World"
69,2350,"His Last Bow: An Epilogue of Sherlock Holmes"
69,69700,"The case-book of Sherlock Holmes"
69,903,"The White Company"
69,537,"Tales of Terror and Mystery"
69,34079,"Tajemnica Baskerville'ów: dziwne przygody Sherlocka Holmes (Polish)"
69,3069,"The Great Boer War"
69,2038,"The Lock and Key Library: Classic Mystery and Detective Stories: Modern English"
69,62942,"Modern Short Stories: A Book for High Schools"
69,126,"The Poison Belt"
69,294,"The Captain of the Polestar, and Other Tales"
838,6761,"The Adventures of Ferdinand Count Fathom — Complete"
838,2160,"The Expedition of Humphry Clinker"
838,4085,"The Adventures of Roderick Random"
838,4084,"The Adventures of Peregrine Pickle"
838,35621,"A Philosophical Dictionary, Volume 01"
838,2311,"Travels through France and Italy"
838,35625,"A Philosophical Dictionary, Volume 05"
838,19217,"The History of England in Three Volumes, "
838,49726,"The Works of Voltaire, Vol. IV of XLIII."
838,35630,"A Philosophical Dictionary, Volume 10"
838,35627,"A Philosophical Dictionary, Volume 07"
838,35624,"A Philosophical Dictionary, Volume 04"
838,35622,"A Philosophical Dictionary, Volume 02"
838,35626,"A Philosophical Dictionary, Volume 06"
838,35628,"A Philosophical Dictionary, Volume 08"
838,35629,"A Philosophical Dictionary, Volume 09"
838,6758,"The Adventures of Sir Launcelot Greaves"
838,35623,"A Philosophical Dictionary, Volume 03"
838,28884,"A History of England from Early Times: A Linked Index to the Project Gutenberg Editions"
838,42540,"The History of Peter the Great, Emperor of Russia"
838,66677,"The Adventures of Gil Blas of Santillane, Volume 1 (of 3)"
838,6759,"The Adventures of Ferdinand Count Fathom — Volume 01"
838,58572,"Index of the Project Gutenberg Works of Tobias Smollett"
838,66678,"The Adventures of Gil Blas of Santillane, Volume 2 (of 3)"
838,6760,"The Adventures of Ferdinand Count Fathom — Volume 02"
2858,2554,"Crime and Punishment"
2858,28054,"The Brothers Karamazov"
2858,36034,"White Nights and Other Stories"
2858,1399,"Anna Karenina"
2858,13415,"The Lady with the Dog and Other Stories"
2858,8117,"The possessed :  or, The devils"
2858,43302,"The Kingdom of God Is With"
2858,6408,"Letters of Anton Chekhov to His Family and Friends"
2858,1883,"The Wife, and Other Stories"
2858,13505,"The Duel and Other Stories"
2858,13416,"The Darling and Other Stories"
2858,9911,"The Torrents of Spring"
2858,13414,"Love, and Other Stories"
2858,7991,"The Storm"
2858,13409,"The Horse-Stealers and Other Stories"
2858,13417,"The Cook's Wedding and Other Stories"
2858,8744,"A Sportsman's Sketches, Volume 2"
2858,30723,"Fathers and Children"
2858,13413,"The Party and Other Stories"
2858,13412,"The Schoolmaster and Other Stories"
2858,13419,"The Bishop and Other Stories"
2858,8597,"A Sportsman's Sketches"
2858,8935,"Dream Tales and Prose Poems"
2858,6902,"On the eve: A novel"
779,1998,"Thus Spake Zarathustra: A Book for All and None"
779,4363,"Beyond Good and Evil"
779,52319,"The Genealogy of Morals"
779,51356,"The Birth of Tragedy; or, Hellenism and Pessimism"
779,52263,"The Twilight of the Idols; or, How to Philosophize with the Hammer. The Ant"
779,19322,"The Antichrist"
779,38145,"Human, All Too Human: A Book for Free Spirits"
779,52190,"Ecce Homo"
779,7205,"Also sprach Zarathustra: Ein Buch für Alle und Keinen (German)"
779,52914,"The Will to Power: An Attempted Transvaluation of All Values. Book I and II"
779,52881,"The Joyful Wisdom (La Gaya Scienza)"
779,39955,"The Dawn of Day"
779,52915,"The Will to Power: An Attempted Transvaluation of All Values. Book III and IV"
779,60360,"Der Wille zur Macht: Eine Auslegung alles Geschehens (German)"
779,37841,"Human, All-Too-Human: A Book for Free Spirits, Part 2"
779,58025,"Index of the Project Gutenberg Works of Friedrich Nietzsche"
779,51935,"Human, All-Too-Human: A Book for Free Spirits,"
779,25012,"The Case of Wagner, Nietzsche Contra Wagner, and Selected Aphorisms."
779,38226,"Thoughts Out of Season, Part II"
779,7204,"Jenseits von Gut und Böse (German)"
779,52124,"The Joyful Wisdom (La Gaya Sc"
779,52166,"The Case of Wagner"
779,5258,"Ainsi Parlait Zarathoustra (French)"
779,51548,"Early Greek Philosophy &amp; Other Essays"
35,43,"The Strange Case of Dr. Jekyll and Mr. Hyde"
35,120,"Treasure Island"
35,421,"Kidnapped"
35,25609,"A Child's Garden of Verses"
35,426,"Tales and Fantasies"
35,45438,"La isla del tesoro (Spanish)"
35,12732,"A collection of short-stories"
35,535,"Travels with a donkey in the Cevennes"
35,32954,"The Black Arrow: A Tale of the Two Roses"
35,2038,"The Lock and Key Library: Classic Mystery and Detective Stories: Modern English"
35,30990,"The Works of Robert Louis Stevenson - Swanston Edition, Vol. 16"
35,1024,"The Wrecker"
35,49424,"Die Schatzinsel: Roman (German)"
35,30700,"The Works of Robert Louis Stevenson - Swanston Edition, Vol. 04"
35,492,"Essays in the Art of Writing"
35,30598,"The Works of Robert Louis Stevenson - Swanston Edition, Vol. 09"
35,637,"The Letters of Robert Louis Stevenson — Volume 2"
35,464,"In the Sou"
35,10135,"The Great English Short-Story Writers, Volume 1"
35,21964,"The Short-story"
2183,20228,"Noli Me Tangere (Tagalog)"
2183,47629,"Ang Filibusterismo (Karugtóng ng Noli Me Tangere) (Tagalog)"
2183,10676,"The Reign of Greed"
2183,35899,"The Philippines a Century Hence"
2183,6737,"The Social Cancer: A Complete English Version of Noli Me Tangere"
2183,18600,"Mi Ultimo Adiós (Spanish)"
2183,17116,"Ang Liham ni Dr. Jose Rizal sa mga Kadalagahan sa Malolos, Bulakan (Tagalog)"
2183,48438,"Rizal's own story of his life"
2183,47584,"Noli me tángere (Spanish)"
2183,6885,"The Indolence of the Filipino"
2183,30903,"El Filibusterismo (Continuación del Noli me tángere) (Spanish)"
2183,30278,"Friars and Filipinos"
2183,73848,"The hero of the Filipinos :  The story of José Rizal, poet, patriot and martyr"
2183,30211,"Au Pays des Moines (Noli me Tangere) (French)"
2183,21848,"Noli me tangere: Filippijnsche roman (Dutch)"
2183,27594,"An Eagle Flight: A Filipino Novel Adapted from Noli Me Tangere"
2183,14839,"Filipinas Dentro De Cien Años (Estudio Politico-Social) (Spanish)"
2183,14796,"El Consejo de los Dioses (Spanish)"
2183,14795,"Junto Al Pasig (Spanish)"
2183,20855,"Estatuto de la L. F. (Liga Filipina) (Spanish)"
2183,18802,"Paalaala sa mga Mapagusapin (Tagalog)"
7,11,"Alice's Adventures in Wonderland"
7,12,"Through the Looking-Glass"
7,35688,"Alice in Won"
7,28696,"Symbolic Logic"
7,19002,"Alice's Adventures Under"
7,13,"The Hunting of the Snark: An Agony in Eight Fits"
7,651,"Phantasmagoria and Other Poems"
7,620,"Sylvie and Bruno"
7,19778,"Alice's Abenteuer im Wunderland (German)"
7,55456,"Aventures d'Alice au pays des merveilles (French)"
7,29042,"A Tangled Tale"
7,19551,"Alice in Wonderland, Retold in Words of One Syllable"
7,4763,"The Game of Logic"
7,55040,"The Nursery Alice"
7,38065,"Eight or Nine Wise Words about Letter-Writing"
7,28371,"Le avventure d'Alice nel paese delle meraviglie (Italian)"
7,29888,"The Hunting of the Snark: An Agony, in Eight Fits"
7,36308,"Songs From Alice in Wonderland and Through the Looking-Glass"
1961,25717,"The History of the Decline and Fall of the Roman"
1961,57333,"Project Gutenberg Compilation of Short Stories by Chekhov"
1961,31100,"The Complete Project Gutenberg Works of Jane Austen"
1961,59280,"Index of the Project Gutenberg Works of Nathaniel Hawthorne"
1961,58025,"Index of the Project Gutenberg Works of Friedrich Nietzsche"
1961,59637,"Index of the Project Gutenberg Works of O. Henry"
1961,28803,"The Works of Mark Twain: An Index of all Project Gutenberg Editions"
1961,59023,"Index of the Project Gutenberg Works of Immanuel Kant"
1961,28858,"The Heptameron of Margaret, Queen of Navarre"
1961,31270,"The Writings of Thomas Paine, C"
1961,59195,"Index of the Project Gutenberg Works of Leon Tolstoy"
1961,59025,"Index of the Project Gutenberg Works of Lucius Annaeus Seneca"
1961,59196,"Index of the Project Gutenberg Works of Fyodor Dostoevsky"
1961,58722,"Index of the Project Gutenberg Works of Richard F. Burton"
1961,59461,"Index of the Project Gutenberg Works of Jack London"
1961,59024,"Index of the Project Gutenberg Works of Arthur Schopenhauer"
1961,59163,"Index of the Project Gutenberg Works of Francis Bacon"
1961,59508,"Index of the Project Gutenberg Works of the Brothers Grimm"
1961,58508,"Index of the Project Gutenberg Works of Pelham Grenville Wodehouse"
1961,58157,"Index of the Project Gutenberg Works of Charles Dickens"
1961,30580,"The Fairy Books of Andrew Lang"
1961,58646,"Index of the Project Gutenberg Works of Edmund Burke"
1961,59462,"Index of the Project Gutenberg Works of Henry James"
1961,31565,"The Works of Balzac: A linked index to all Project Gutenberg editions"
1961,58975,"Index of Project Gutenberg Works on Black History"
36,67979,"The Blue Castle: a novel"
36,45,"Anne of Green Gables"
36,51,"Anne of the Island"
36,47,"Anne of Avonlea"
36,544,"Anne's House of Dreams"
36,3796,"Rilla of Ingleside"
36,61236,"Emily of New Moon"
36,24878,"Lucy Maud Montgomery Short Stories, 1909 to 1922"
36,24875,"Lucy Maud Montgomery Short Stories, 1904"
36,24873,"Lucy Maud Montgomery Short Stories, 1896 to 1901"
36,1354,"Chronicles of Avonlea"
36,24874,"Lucy Maud Montgomery Short Stories, 1902 to 1903"
36,24876,"Lucy Maud Montgomery Short Stories, 1905 to 1906"
102,37106,"Little Women; Or, Meg, Jo, Beth, and Amy"
102,514,"Little Women"
102,2788,"Little Men: Life at Plumfield With Jo's Boys"
102,38049,"Louisa May Alcott : Her Life, Letters, and Journals"
102,2787,"An Old-Fashioned Girl"
102,3499,"Jo's Boys"
102,2726,"Eight Cousins"
102,2804,"Rose i"
102,8677,"Behind a Mask; or, a Woman's Power"
102,163,"Flower Fables"
102,7425,"The Louisa Alcott Reader: a Supplementary Reader for the Fourth Year of School"
102,3806,"A Modern Cinderella; Or, The Little Old Shoe, and Other Stories"
102,3837,"Hospital Sketches"
102,4770,"Work: A Story of Experience"
102,58158,"Index of the Project Gutenberg Works of Louisa M. Alcott"
102,57321,"Proverb Stories"
102,28203,"Moods"
102,36221,"Spinning-Wheel Stories"
102,40682,"Lulu's Library, Volume 1 (of 3)"
102,5830,"A Garland for Girls"
3930,1259,"Twenty years after"
3930,1184,"The Count of Monte Cristo"
3930,17989,"Le comte de Monte-Cristo, Tome I (French)"
3930,1257,"The three musketeers"
3930,13951,"Les trois mousquetaires (French)"
3930,65391,"Il Conte di Monte-Cristo (Italian)"
3930,965,"The black tulip"
3930,2609,"The Vicomte de Bragelonne"
3930,17990,"Le comte de Monte-Cristo, Tome II (French)"
3930,56054,"Les trois mousquetaires, Volume  1 (of 2) (French)"
3930,17992,"Le comte de Monte-Cristo, Tome IV (French)"
3930,17991,"Le comte de Monte-Cristo, Tome III (French)"
3930,2710,"Louise de la Valliere"
3930,33609,"Marguerite de Valois"
3930,37885,"Kolme muskettisoturia: Historiallinen romaani (Finnish)"
3930,7426,"Chicot the Jester"
3930,67846,"Venti anni dopo (Italian)"
3930,13952,"Vingt ans après (French)"
3930,27385,"The conspirators; or, The chevalier d'Harmental"
3930,20122,"The queen's necklace"
3930,13856,"La reine Margot - Tome I (French)"
3930,18028,"Le chevalier d'Harmental (French)"
3930,9637,"La dame de Monsoreau — ­Tome 1. (French)"
3930,18997,"The Vicomte de Bragelonne; Or, Ten Year"
3930,27384,"The regent's daughter"
93,1497,"The Republic"
93,1600,"Symposium"
93,1636,"Phaedrus"
93,55201,"The Republic of Plato"
93,1658,"Phaedo"
93,1656,"Apology"
93,1672,"Gorgias"
93,1643,"Meno"
93,1642,"Euthyphro"
93,1750,"Laws"
93,13726,"Apology, Crito, and Phaedo of Socrates"
93,1726,"Theaetetus"
93,1572,"Timaeus"
93,1591,"Protagoras"
93,1635,"Ion"
93,1571,"Critias"
93,1735,"Sophist"
93,1738,"Statesman"
93,1657,"Crito"
93,1744,"Philebus"
93,1687,"Parmenides"
93,1682,"Menexenus"
93,1616,"Cratylus"
93,1580,"Charmides"
93,1579,"Lysis"
861,2542,"A Doll's House : a play"
861,4093,"Hedda Gabler"
861,8121,"Ghosts"
861,2446,"An Enemy of the People"
861,4070,"The Master Builder"
861,4782,"When We Dead Awaken"
861,75544,"Peer Gynt :  Draamallinen runoelma (Finnish)"
861,2765,"The Lady from the Sea"
861,15492,"A Doll's House"
861,7942,"Little Eyolf"
861,2296,"Pillars of Society"
861,73631,"The wild duck :  A drama in five acts"
861,2467,"Ghosts: A Domestic Tragedy in Three Acts"
861,66239,"The collected works of Henrik Ibsen, Vol. 04 (of 11)"
861,2289,"Rosmersholm"
861,70566,"The collected works of Henrik Ibsen, Vol. 07 (of 11)"
861,17674,"Nora: Näytelmä kolmessa näytöksessä (Finnish)"
861,7172,"Early Plays — Catiline, the Warrior's Barrow, Olaf Liljekrans"
861,20162,"La kolonoj de la socio: Dramo en kvar aktoj (Esperanto)"
861,74237,"The collected works of Henrik Ibsen Vol. 10 (of 11)"
861,66060,"The collected works of Henrik Ibsen, Vol. 01 (of 11)"
861,23774,"La Asocio de la Junuloj: Dramo en kvin aktoj (Esperanto)"
861,19183,"Hedda Gabler: Dramo en kvar aktoj (Esperanto)"
861,70577,"The collected works of Henrik Ibsen, Vol. 08 (of 11)"
861,23837,"Eta Eyolf (Esperanto)"
30,36,"The War of the Worlds"
30,35,"The Time Machine"
30,5230,"The Invisible Man: A Grotesque Romance"
30,159,"The island of Doctor Moreau"
30,11870,"The Country of the Blind, and Other Stories"
30,23218,"The Red Room"
30,35461,"A Short History of the World"
30,12750,"The Stolen Bacillus and Other Incidents"
30,456,"The Door in the Wall, and Other Stories"
30,45368,"The Outline of History: Being a Plain History of Life and Mankind"
30,1059,"The World Set Free"
30,1689,"The Pivot of Civilization"
30,780,"The War in the Air"
30,27365,"Tales of Space and Time"
30,3691,"Little Wars; a game for boys from twelve years of age to one hundred and fifty and for that more intelligent sort of girl who likes boys' games and books."
30,1047,"The New Machiavelli"
30,1013,"The First Men in the Moon"
30,1743,"Twelve Stories and a Dream"
30,12163,"The Sleeper Awakes"
30,524,"Ann Veronica: A Modern Love Story"
30,39162,"Kipps: The Story of a Simple Soul"
136,2600,"War and Peace"
136,1399,"Anna Karenina"
136,13437,"Best Russian Short Stories"
136,64908,"What Is Art?"
136,6157,"What Men Live By, and Other Tales"
136,986,"Master and Man"
136,43302,"The Kingdom of God Is With"
136,689,"The Kreutzer Sonata and Other Stories"
136,1938,"Resurrection"
136,38616,"Where Love is There God is Also"
136,59195,"Index of the Project Gutenberg Works of Leon Tolstoy"
136,2142,"Childhood"
136,7176,"A Letter to a Hindu"
136,985,"Father Sergius"
136,43761,"La Pensée de l'Humanité (French)"
136,62942,"Modern Short Stories: A Book for High Schools"
136,44956,"Anna Karenina, 1. Band (German)"
136,243,"The forged coupon, and other stories"
136,27726,"Tolstoy on Shakespeare: A Critical Essay on Shakespeare"
136,47197,"Sevastopol"
136,4761,"The Cossacks: A Tale of 1852"
136,38690,"What Shall We Do?"
60,164,"Twenty Thousand Leagues under the Sea"
60,103,"Around the World in Eighty Days"
60,18857,"A Journey to the Centre of the Earth"
60,1268,"The Mysterious Island"
60,14287,"L'île mystérieuse (French)"
60,4791,"Voyage au Centre de la Terre (French)"
60,2488,"Twenty Thousand Leagues Under the Seas: An Underwater Tour of the World"
60,54873,"Vingt mille lieues sous les mers (French)"
60,2083,"In Search of the Castaways; Or, The Children of Captain Grant"
60,10349,"Naar het middelpunt der Aarde (Dutch)"
60,83,"From the Earth to the Moon; and, Round the Moon"
60,11205,"20.000 Mijlen onder Zee: Oostelijk Halfrond (Dutch)"
60,3526,"Five Weeks in a "
60,1842,"Michael Strogoff; Or, The Courier of the Czar"
60,5097,"Vingt mille Lieues Sous Les Mers — Complete (French)"
60,3748,"A Journey into the Interior of the Earth"
60,24777,"Celebrated Travels and Travellers, "
60,1353,"Off on a Comet! a Journey through Planetary Space"
60,4548,"Cinq Semaines En Ballon (French)"
28,25344,"The Scarlet Letter"
28,512,"Mosses from an old manse"
28,13707,"Twice-told tales"
28,77,"The House of the Seven Gables"
28,39716,"Nathaniel Hawthorne"
28,59280,"Index of the Project Gutenberg Works of Nathaniel Hawthorne"
28,2081,"The Blithedale Romance"
28,40196,"The Oxford Book of American Essays"
28,12732,"A collection of short-stories"
28,1916,"The Great Stone Face, and Other Tales of the White Mountains"
28,15697,"True Stories of History and Biography"
28,976,"Tanglewood Tales"
28,2181,"The Marble Faun; Or, The Romance of Monte Beni - Volume 1"
28,32242,"A Wonder Book for Girls &amp; Boys"
28,513,"The snow-image, and other twice-told tales"
28,9243,"The Wives of the Dead"
28,10135,"The Great English Short-Story Writers, Volume 1"
28,8090,"Our Old Home: A Series of English Sketches"
28,21964,"The Short-story"
28,36990,"La letra escarlata (Spanish)"
28,35377,"A Wonder Book and Tanglewood Tales, for Girls and Boys"
28,9253,"Browne's"
28,1926,"The Whole History of Grandfather'"
28,9257,"The Three Golden Apples"
705,1727,"The "
705,6130,"The Iliad"
705,58221,"La Odisea (Spanish)"
705,3160,"The Odyssey"
705,57654,"La Ilíada (Spanish)"
705,16452,"The Iliad o"
705,1728,"The Odyssey of Homer"
705,48895,"The Odysseys of Homer, together with the shorter poems"
705,36248,"Ιλιάδα (Modern Greek (1453-))"
705,51355,"The Iliads of Homer"
705,52692,"Homeri Carmina et Cycli Epici Reliquiæ. Pars Prima: Ilias (Latin)"
705,30615,"Ομήρου Οδύσσεια Τόμος Γ (Modern Greek (1453-))"
705,52927,"L'Odyssée (French)"
705,13725,"Stories from the Odyssey"
705,52693,"Homeri Carmina et Cycli Epici Reliquiæ. Pars Secunda: Odyssea (Latin)"
705,30613,"Ομήρου Οδύσσεια Τόμος Α (Modern Greek (1453-))"
705,16990,"The Story of Troy"
705,24856,"Odysseus, the Hero of Ithaca"
94,1497,"The Republic"
94,1600,"Symposium"
94,1636,"Phaedrus"
94,55201,"The Republic of Plato"
94,1658,"Phaedo"
94,1656,"Apology"
94,1672,"Gorgias"
94,1643,"Meno"
94,1642,"Euthyphro"
94,1750,"Laws"
94,1726,"Theaetetus"
94,1572,"Timaeus"
94,1591,"Protagoras"
94,1635,"Ion"
94,1571,"Critias"
94,1735,"Sophist"
94,1738,"Statesman"
94,1657,"Crito"
94,1744,"Philebus"
94,1687,"Parmenides"
94,1682,"Menexenus"
94,1616,"Cratylus"
94,1580,"Charmides"
94,1579,"Lysis"
94,1598,"Euthydemus"
90,145,"Middlemarch"
90,550,"Silas Marner"
90,6688,"The Mill on the Floss"
90,28289,"The Essays of George Eliot"
90,507,"Adam Bede"
90,7469,"Daniel Deronda"
90,2165,"The Lifted Veil"
90,43043,"George Eliot's Life, as Related in Her Letters and Journals. Vol. 1 (of 3)"
90,64037,"The Life of Jesus Critically Examined"
90,40882,"Felix Holt, the Radical"
90,47025,"The Essence of Christianity"
90,24020,"Romola"
90,17780,"Scenes of Clerical Life"
90,43044,"George Eliot's Life, as Related in Her Letters and Journals. Vol. 2 (of 3)"
90,2171,"Brother Jacob"
90,30273,"Tom and Maggie Tulliver"
90,10762,"Impressions of Theophrastus Such"
90,58777,"Index of the Project Gutenberg Works of George Eliot"
90,24823,"Silas Marner (Spanish)"
90,43045,"George Eliot's Life, as Related in Her Letters and Journals. Vol. 3 (of 3)"
42,55,"The Wonderful Wizard of Oz"
42,54,"The Marvelous Land of Oz"
42,33361,"Ozm"
42,32094,"The Patchwork Girl of Oz"
42,30852,"The Tin Woodman of Oz"
42,75720,"Jack Pumpkinhead of Oz"
42,50194,"The Magic of Oz"
42,39868,"Glind"
1896,8800,"The divine comedy"
1896,67092,"El paraíso perdido (Spanish)"
1896,8710,"The Doré Bible Gallery, C"
1896,5921,"The History of Don Quixote, Volume 1, Complete"
1896,1200,"Gargantua and Pantagruel"
1896,17192,"The Raven"
1896,5946,"The History of Don Quixote, Volume 2, Complete"
1896,50316,"The Fables of La F"
1896,8795,"The Divine Comedy by Dante, Illustrated, Purgatory, Complete"
1896,8166,"Gargantua and Pantagruel, Illustrated, Book 1"
1896,17208,"The Tales of Mother Goose"
1896,8799,"The Divine Comedy by Dante, Illustrated, Paradise, Complete"
1896,8789,"The vision o"
1896,44427,"Atala"
1896,8169,"Gargantua and Pantagruel, Illustrated, Book 4"
1896,5903,"The History of Don Quixote, Volume 1, Part 01"
1896,8168,"Gargantua and Pantagruel, Illustrated, Book 3"
1896,8170,"Gargantua and Pantagruel, Illustrated, Book 5"
1896,60746,"Le capitaine Fracasse (French)"
1896,59070,"Index of the Project Gutenberg Works of Gustave Doré"
1896,8167,"Gargantua and Pantagruel, Illustrated, Book 2"
1896,44428,"The Days of Chivalry; Or, The Legend of Croquemitaine"
1896,44430,"Myths of the Rhine"
1896,8779,"The Divine Comedy by Dante, Illustrated, Hell, Volume 01"
1896,44433,"Jaufry the Knight and the Fair Brunissende: A Tale of the Times of King Arthur"
420,64317,"The Great Gatsby"
420,805,"This Side of Paradise"
420,9830,"The Beautiful and Damned"
420,6695,"Tales of the Jazz Age"
420,4368,"Flappers and Philosophers"
420,68229,"All the Sad Young Men"
420,60962,"The Vegetable; or, From President to Postman"
326,1080,"A Modest P"
326,829,"Gulliver's Travels into Several Remote Nations of the World"
326,17157,"Gulliver's Travels into Several Remote Regions of the World"
326,623,"The Battle of the Books, and other Short Pieces"
326,4737,"A Tale of a Tub"
326,18250,"The Prose Works of Jonathan Swift, D.D. - Vo"
326,14353,"The Poems of Jonathan Swift, D.D., Volume 1"
326,13621,"The Poems of Jonathan Swift, D.D., Volume 2"
326,4208,"The Journal to Stella"
326,13169,"The Prose Works of Jonathan Swift, D.D. — Vo"
326,1090,"The Bickerstaff-Partridge Papers"
326,58825,"Index of the Project Gutenberg Works of Jonathan Swift"
326,61179,"Viaggi di Gulliver nelle lontane regioni (Italian)"
326,60186,"Polite Conversation in Three Dialogues"
326,4738,"Three Prayers and Sermons"
326,37156,"Ireland in the Days of Dean Swift (Irish Tracts, 1720 to 1734)"
326,42648,"Les voyages de Gulliver (French)"
85,135,"Les Misérables"
85,17489,"Les misérables Tome I: Fantine (French)"
85,70891,"Notre-Dame de Paris - Tome 1 (French)"
85,2610,"Notre-Dame de Paris"
85,8775,"Poems"
85,19657,"Notre-Dame de Paris (French)"
85,12587,"The Man Who Laughs: A Romance of English History"
85,10381,"The History of a Crime"
85,32338,"Toilers of the Sea"
85,5423,"L'homme Qui Rit (French)"
85,29844,"Les contemplations: Aujourd'hui, 1843-1856 (French)"
85,53490,"William Shakespeare"
85,49372,"Ninety-Three"
85,17519,"Les misérables Tome V: Jean Valjean (French)"
85,48735,"Les Misérables, v. 5/5: Jean Valjean"
85,17518,"Les misérables Tome IV: L'idylle rue Plumet et l'épopée rue Saint-Denis (French)"
85,17494,"Les misérables Tome III: Marius (French)"
85,48734,"Les Misérables, v. 4/5: The Idyll and the Epic"
85,10577,"International Short Stories: French"
85,20580,"Napoleon the Little"
85,12137,"La Légende des Siècles (French)"
85,2523,"The Memoirs of Victor Hugo"
85,17493,"Les misérables Tome II: Cosette (French)"
85,48731,"Les Misérables, v. 1/5: Fantine"
85,48733,"Les Misérables, v. 3/5: Marius"
79,75485,"The secret commonwealth of elves, fauns &amp; fairies"
79,128,"The Arabian Nights Entertainments"
79,503,"The Blue Fairy Book"
79,17957,"On the Sublime"
79,25589,"He"
79,14016,"John Knox and the Reformation"
79,5998,"Waverley; Or, 'Tis Sixty Years Since"
79,1728,"The Odyssey of Homer"
79,49057,"Tales of King Arthur and the Round Table, Adapted from the Book of Romance"
79,540,"The Red Fairy Book"
79,641,"The Violet Fairy Book"
79,48470,"The Story of Joan of Arc"
79,12621,"The Book of Dreams and Ghosts"
79,3059,"The Iliad"
79,27826,"The Olive Fairy Book"
79,55546,"The Progress of the Century"
79,49678,"My Memoirs, Vol. I, 1802 to 1821"
79,26197,"The Nursery Rhyme Book"
79,30580,"The Fairy Books of Andrew Lang"
79,30990,"The Works of Robert Louis Stevenson - Swanston Edition, Vol. 16"
79,2832,"Myth, Ritual and Religion, Vol. 1 (of 2)"
79,6746,"The Grey Fairy Book"
79,640,"The Yellow Fairy Book"
79,30700,"The Works of Robert Louis Stevenson - Swanston Edition, Vol. 04"
79,16338,"The Homeric Hymns"
481,2148,"The Works of Edgar Allan Poe — Volume 2"
481,2147,"The Works of Edgar Allan Poe — Volume 1"
481,25525,"The Works of Edgar Allan Poe, The Raven Edition"
481,932,"The Fall of the House of Usher"
481,1064,"The Masque of the Red Death"
481,17192,"The Raven"
481,1063,"The Cask of Amontillado"
481,10947,"The Best American Humorous Short Stories"
481,51060,"The Narrative of Arthur Gordon Pym of Na"
481,10031,"The Complete Poetical Works of Edgar Al"
481,2151,"The Works of Edgar Allan Poe — Volume 5"
481,2149,"The Works of Edgar Allan Poe — Volume 3"
481,2150,"The Works of Edgar Allan Poe — Volume 4"
481,40196,"The Oxford Book of American Essays"
481,15143,"Famous Modern Ghost Stories"
481,12732,"A collection of short-stories"
481,20761,"Histoires extraordinaires (French)"
481,32037,"Eureka: A Prose Poem"
481,55749,"The Raven, and The Philosophy of Composition"
481,14082,"Le Corbeau = The Raven (French)"
481,25807,"Poemas (Spanish)"
481,10135,"The Great English Short-Story Writers, Volume 1"
481,21964,"The Short-story"
125,219,"Heart of Darkness"
125,5658,"Lord Jim"
125,974,"The Secret Agent: A Simple Tale"
125,220,"The Secret Sharer"
125,17731,"The nigger of the Narcissus :  A tale of the forecastle"
125,2021,"Nostromo: A Tale of the Seaboard"
125,525,"Youth, a Narrative"
125,6378,"Victory: An Island Tale"
125,38280,"Modern Essays"
125,1202,"Tales of Unrest"
125,2305,"A Set of Six"
125,1058,"The Mirror of the Sea"
125,1142,"Typhoon"
125,2480,"Under Western Eyes"
125,495,"Amy Foster"
125,451,"The Shadow Line: A Confession"
125,1055,"'Twixt Land &amp; Sea: Tales"
125,687,"A Personal Record"
125,57584,"The Book of the Homeless (Le livre des sans-foyer) (French)"
125,527,"The End of the Tether"
125,638,"An Outcast of the Islands"
975,2641,"A Room with a View"
975,61221,"A passage to India"
975,72890,"The eternal moment, and other stories"
975,70492,"Aspects of the novel"
975,34089,"The Celestial Omnibus, and Other Stories"
975,2604,"The Longest Journey"
975,2948,"Where Angels Fear to Tread"
975,57010,"Alexandria: A History and a Guide"
975,61116,"Pharos and Pharillon"
975,58581,"The Story of the Siren"
975,74818,"Anonymity :  an enquiry"
975,74296,"Matka Indiaan (Finnish)"
251,1237,"Father Goriot"
251,43851,"La Comédie humaine - Volume 02 (French)"
251,12949,"Contes Français (French)"
251,1826,"Sarrasine"
251,1715,"Eugenie Grandet"
251,1307,"The Magic Skin"
251,23060,"The Unknown Masterpiece"
251,1968,"The Human Comedy: Introductions and Appendix"
251,1954,"Colonel Chabert"
251,12758,"Library of the World's Best Mystery and Detective Stories"
251,71773,"La Comédie humaine - Volume 14. Études philosophiques (French)"
251,41211,"La Comédie humaine - Volume 01 (French)"
251,31565,"The Works of Balzac: A linked index to all Project Gutenberg editions"
251,1749,"Cousin Betty"
251,10577,"International Short Stories: French"
251,55860,"La Comédie humaine - Volume 09. Scènes de la vie parisienne - Tome 01 (French)"
251,1660,"Scenes from a Courtesan's Life"
251,1856,"Cousin Pons"
251,13260,"Droll Stories — C"
251,1659,"The Girl with the Golden Eyes"
251,60551,"La Comédie humaine - Volume 11. Scènes de la vie parisienne - Tome 03 (French)"
251,1389,"Gobseck"
251,16205,"The Physiology of Marriage, Complete"
251,1555,"A Passion in the Desert"
6202,37106,"Little Women; Or, Meg, Jo, Beth, and Amy"
6202,37814,"The Story of Magellan and The Discovery of the Philippines"
6202,75556,"Little Metacomet :  or, The Indian playmate"
6202,15695,"'Doc.' Gordon"
6202,64636,"Rip Van Winkle"
6202,34202,"The Girl From Tim's Place"
6202,36401,"The Turn of the Tide: The Story of How Margaret Solved Her Problem"
6202,46381,"The Lead of Honour"
6202,40835,"The Pauper of Park Lane"
6202,34218,"Hildegarde's Home"
6202,32628,"The Child's Book of American Biography"
6202,24530,"On the Tree Top"
6202,33787,"Rockhaven"
6202,49494,"Latter-Day Sweethearts"
6202,25551,"Six Girls: A Home Story"
6202,36105,"Hope Benham: A Story for Girls"
6202,21955,"The Secret Wireless; Or, The Spy Hunt of the Camp Brady Patrol"
6202,28059,"A Lost Hero"
6202,52017,"A Boy's Fortune; Or, The Strange Adventures of Ben Baker"
6202,27613,"Reels and Spindles: A Story of Mill Life"
6202,30022,"Graham of Claverhouse"
6202,36133,"Brenda's Ward"
6202,46128,"Perseverance Island; Or, The Robinson Crusoe of the Nineteenth Century"
6202,30439,"Mrs. Tree"
6202,36282,"Donald McElroy, Scotch Irishman"
505,2000,"Don Quijote (Spanish)"
505,996,"Don Quixote"
505,5921,"The History of Don Quixote, Volume 1, Complete"
505,5946,"The History of Don Quixote, Volume 2, Complete"
505,42524,"L'ingénieux chevalier Don Quichotte de la Manche (French)"
505,14420,"The Exemplary Novels of Cervantes"
505,63404,"Galatea"
505,61202,"Novelas ejemplares (Spanish)"
505,66263,"Don Quijote de la Mancha (Hungarian)"
505,5903,"The History of Don Quixote, Volume 1, Part 01"
505,35993,"The History of Don Quixote de la Mancha"
505,29468,"The Story of Don Quixote"
505,28469,"Don Quichot van La Mancha (Dutch)"
505,16066,"L'ingénieux hidalgo Don Quichotte de la Manche - Tome I (French)"
505,16110,"Viage al Parnaso (Spanish)"
505,57955,"Los entremeses (Spanish)"
505,24754,"Wit and Wisdom of Don Quixote"
505,15115,"Novelas y teatro (Spanish)"
505,5933,"The History of Don Quixote, Volume 2, Part 30"
505,5905,"The History of Don Quixote, Volume 1, Part 03"
505,5930,"The History of Don Quixote, Volume 2, Part 27"
505,5924,"The History of Don Quixote, Volume 2, Part 21"
505,5931,"The History of Don Quixote, Volume 2, Part 28"
113,209,"The Turn of the Screw"
113,208,"Daisy Miller: A Study"
113,2833,"The Portrait of a Lady — Volume 1"
113,1093,"The Beast in the Jungle"
113,2834,"The Portrait of a Lady — Volume 2"
113,1190,"The Jolly Corner"
113,4264,"The Golden Bowl — Complete"
113,40196,"The Oxford Book of American Essays"
113,6354,"Italian Hours"
113,177,"The American"
113,645,"The Figure in the Carpet"
113,432,"The Ambassadors"
113,2870,"Washington Square"
113,211,"The Aspern Papers"
113,1032,"The Pupil"
113,2715,"The Real Thing and Other Tales"
113,59462,"Index of the Project Gutenberg Works of Henry James"
113,19717,"The Bostonians, Vol. I (of II)"
113,57584,"The Book of the Homeless (Le livre des sans-foyer) (French)"
113,38776,"The Letters of Henry James (Vol. I)"
113,29452,"The Wings of the Dove, Volume 1 of 2"
113,10135,"The Great English Short-Story Writers, Volume 1"
113,176,"Roderick Hudson"
120,215,"The call of the wild"
120,910,"White Fang"
120,1056,"Martin Eden"
120,75562,"The Assassination Bureau, Ltd."
120,1074,"The Sea-Wolf"
120,1164,"The iron heel"
120,710,"Love of Life, and Other Stories"
120,12336,"Brown Wolf and Other Jack London Stories"
120,1688,"The People of the Abyss"
120,21970,"The Scarlet Plague"
120,59461,"Index of the Project Gutenberg Works of Jack London"
120,2429,"Lost Face"
120,1449,"The Valley of the Moon"
120,62942,"Modern Short Stories: A Book for High Schools"
120,5737,"Smoke Bellew"
120,1029,"The Night-Born"
120,1089,"Moon-Face, and Other Stories"
120,1162,"The Jacket (The Star-Rover)"
120,310,"Before Adam"
120,2545,"When God Laughs, and Other Stories"
120,14658,"The Road"
120,2377,"The Son of the Wolf"
120,318,"John Barleycorn"
132,236,"The Jungle Book"
132,2781,"Just so stories"
132,69552,"El libro de las tierras vírgenes (Spanish)"
132,2226,"Kim"
132,8147,"The Man Who Would Be King"
132,29135,"With the Night Mail: A Story of 20"
132,1937,"The Second Jungle Book"
132,12732,"A collection of short-stories"
132,2819,"Barrack-room ballads"
132,2186,"Captains Courageous: A Story of the Grand Banks"
132,2334,"The Works of Rudyard Kipling: One Volume Edition"
132,2806,"The Phantom 'Rickshaw, and Other Ghost Stories"
132,1858,"Plain Tales from the Hills"
132,2038,"The Lock and Key Library: Classic Mystery and Detective Stories: Modern English"
132,62942,"Modern Short Stories: A Book for High Schools"
132,32977,"From Sea to Sea; Letters of Travel"
132,54183,"Le livre de la Jungle (French)"
132,16578,"The Kipling Reader"
132,30568,"Kipling Stories and Poems Every Child Should Know, Book II"
132,5777,"Life's Handicap: Being Stories of Mine Own People"
507,8800,"The divine comedy"
507,1001,"Divine Comedy, Longfellow's Translation, Hell"
507,41537,"The Divine Comedy of Dante Alighieri: The Inferno"
507,57303,"La Divina Comedia (Spanish)"
507,997,"Divina Commedia di Dante: Inferno (Italian)"
507,1012,"La Divina Commedia di Dante (Italian)"
507,8795,"The Divine Comedy by Dante, Illustrated, Purgatory, Complete"
507,41085,"The New Life (La Vita Nuova)"
507,1004,"Divine Comedy, Longfellow's Translation, Complete"
507,1000,"La Divina Commedia di Dante: Complete (Italian)"
507,8799,"The Divine Comedy by Dante, Illustrated, Paradise, Complete"
507,8789,"The vision o"
507,1003,"Divine Comedy, Longfellow's Translation, Paradise"
507,1002,"Divine Comedy, Longfellow's Translation, Purgatory"
507,1008,"Divine Comedy, Cary's Translation, Complete"
507,33896,"Dante. An essay. To which is added a translation of De Monarchia."
507,1995,"The Divine Comedy, Volume 1, Hell"
507,998,"Divina Commedia di Dante: Purgatorio (Italian)"
507,999,"Divina Commedia di Dante: Paradiso (Italian)"
507,1011,"La Divina Commedia di Dante: Paradiso (Italian)"
507,8085,"Die Göttliche Komödie (German)"
507,8779,"The Divine Comedy by Dante, Illustrated, Hell, Volume 01"
507,12546,"Jumalainen näytelmä (Finnish)"
507,1996,"The Divine Comedy, Volume 2, Purgatory"
507,1006,"Divine Comedy, Cary's Translation, Purgatory"
80,11339,"Aesop's Fables; a new translation"
80,1695,"The Man Who Was Thursday: A Nightmare"
80,1719,"The Ballad of the White Horse"
80,204,"The innocence of Father Brown"
80,1717,"What's Wrong with the World"
80,130,"Orthodoxy"
80,8092,"Tremendous Trifles"
80,65688,"The Everlasting Man"
80,470,"Heretics"
80,223,"The wisdom of Father Brown"
80,11505,"All Things Considered"
80,13468,"The New Jerusalem"
80,27250,"What I Saw in America"
80,20058,"The Napoleon of Notting Hill"
80,25308,"Eugenics and Other Evils"
80,1720,"The Man Who Knew Too Much"
80,1718,"Manalive"
80,12245,"The Defendant"
80,20897,"A Short History of England"
220,394,"Cranford"
220,4276,"North and South"
220,2153,"Mary Barton"
220,4274,"Wives and Daughters"
220,4275,"Ruth"
220,1827,"The Life of Charlotte Brontë — Volume 1"
220,24879,"Curious, if True"
220,28636,"The Grey Woman and other Tales"
220,2547,"Half a Life-Time Ago"
220,4537,"Sylvia's Lovers — Complete"
220,2521,"Lizzie Leigh"
220,4268,"Cousin Phillis"
220,1700,"The Life of Charlotte Brontë — Volume 2"
220,2324,"A House to Let"
220,2548,"The Poor Clare"
220,57627,"Mrs. Gaskell"
220,2524,"My Lady Ludlow"
220,2522,"A Dark Night's Work"
220,2531,"An Accursed Race"
220,2549,"The Doom of the Griffiths"
220,2533,"Round the Sofa"
220,11371,"The Moorland Cottage"
220,2532,"The Half-Brothers"
220,15252,"Victorian Short Stories: Stories of Successful Marriages"
586,14591,"Faust [part 1]. Translated Into English in the Original Metres"
586,2527,"The Sorrows of Young Werther"
586,21000,"Faust: Eine Tragödie [erster Teil] (German)"
586,50572,"Goethe's Theory of Colours"
586,2229,"Faust: Der Tragödie erster Teil (German)"
586,63203,"Faust: A Tragedy"
586,7889,"Erotica Romana"
586,2403,"Die Wahlverwandtschaften (German)"
586,3023,"Faust — Part 1"
586,33670,"Maxims and Reflections"
586,36483,"Wilhelm Meister's Apprenticeship and Travels, Vol. I (of 2)"
586,52654,"The Autobiography of Goethe"
586,2230,"Faust: Der Tragödie zweiter Teil (German)"
586,2407,"Die Leiden des jungen Werther — Band 1 (German)"
586,15850,"Iphigenia in Tauris"
586,1945,"Egmont"
586,45806,"Faust: A Lyric Drama in Five Acts"
586,53205,"Letters from Switzerland and Travels in Italy"
586,1958,"Hermann and Dorothea"
586,14460,"Faust: a Tragedy [part 1], Translated from the German of Goethe"
586,13182,"Prefaces and prologues to famous books :  with introductions, notes and illustrations"
586,2404,"Italienische Reise — Band 1 (German)"
586,68566,"Fausto: Primera parte (Spanish)"
586,1287,"The Poems of Goethe, Translated in the Original Metres"
1735,5200,"Metamorphosis"
1735,22367,"Die Verwandlung (German)"
1735,7849,"The Trial"
1735,21593,"Das Urteil: Eine Geschichte (German)"
1735,69327,"Der Prozess: Roman (German)"
1735,25791,"In der Strafkolonie (German)"
1735,21989,"Ein Landarzt: Kleine Erzählungen (German)"
1735,30655,"Ein Hungerkünstler (German)"
1735,23532,"Betrachtung (German)"
1735,16304,"Der Heizer: Ein Fragment (German)"
1735,30753,"Der Mord (German)"
1735,30570,"Grosser Lärm (German)"
1735,38395,"Erstes Kapitel des Buches Richard und Samuel (German)"
1039,4300,"Ulysses"
1039,2814,"Dubliners"
1039,4217,"A Portrait of the Artist as a Young Man"
1039,2817,"Chamber Music"
1039,55945,"Exiles: A Play in Three Acts"
1039,59785,"Index of the Project Gutenberg Works of James Joyce"
190,345,"Dracula"
190,10150,"Dracula's Guest"
190,3781,"The Jewel of Seven Stars"
190,1188,"The Lair of the White Worm"
190,51391,"Famous Impostors"
190,42455,"The Mystery of the Sea"
190,3095,"The Lady of the Shroud"
190,68779,"Personal reminiscences of Henry Irving"
190,69347,"Drakula: angol regény (Hungarian)"
190,74782,"The fate of Fenella :  A novel"
190,59671,"Index of the Project Gutenberg Works of Bram Stoker"
190,2520,"The Man"
190,68966,"The Snake's Pass"
190,65799,"Lady Athlyne"
708,1754,"The Sea-Gull"
708,13415,"The Lady with the Dog and Other Stories"
708,1756,"Uncle Vanya: Scenes from Country Life in Four Acts"
708,57333,"Project Gutenberg Compilation of Short Stories by Chekhov"
708,7986,"Plays by Anton Chekhov, Second Series"
708,13437,"Best Russian Short Stories"
708,55283,"The Bet, and other stories"
708,1732,"The Schoolmistress, and Other Stories"
708,6408,"Letters of Anton Chekhov to His Family and Friends"
708,1883,"The Wife, and Other Stories"
708,13505,"The Duel and Other Stories"
708,13416,"The Darling and Other Stories"
708,1944,"The Witch, and Other Stories"
708,37970,"Contemporary One-Act Plays"
708,13414,"Love, and Other Stories"
708,55307,"The Black Monk, and Other Stories"
708,13409,"The Horse-Stealers and Other Stories"
708,13417,"The Cook's Wedding and Other Stories"
708,13413,"The Party and Other Stories"
708,13412,"The Schoolmaster and Other Stories"
708,55351,"The Three Sisters"
708,13419,"The Bishop and Other Stories"
708,1755,"Ivanoff: A Play"
708,1753,"Swan Song"
708,1552,"The Lock and Key Library: The Most Interesting Stories of All Nations: North Europe — Russian — Swedish — Danish — Hungarian"
59,3011,"The Lady of the Lake"
59,82,"Ivanhoe: A Romance"
59,4010,"Marmion: A Tale Of Flodden Field"
59,5998,"Waverley; Or, 'Tis Sixty Years Since"
59,7025,"Rob Roy — Complete"
59,14461,"Letters on Demonology and Witchcraft"
59,7005,"The Antiquary — Complete"
59,5999,"Guy Mannering; or, The Astrologer — Complete"
59,7853,"Quentin Durward"
59,1377,"The Talisman"
59,471,"The Bride of Lammermoor"
59,6941,"Old Mortality, Complete"
59,14860,"The Journal of Sir Walter Scott"
59,6406,"The Monastery"
59,1606,"Kenilworth"
59,6407,"The Abbot"
59,5959,"Peveril of the Peak"
59,15349,"The Works of John Dryden, now first collected in eighteen volumes. Volume 04"
59,7987,"The Fair Maid of Perth; Or, St. Valentine's Day"
59,6944,"The Heart of Mid-Lothian, Complete"
59,1668,"The Tapestried Chamber, and Death of the Laird's Jock"
59,5950,"The Fortunes of Nigel"
59,54361,"The Works of John Dryden, Now First Collected in Eighteen Volumes; Vol. 12"
59,2516,"Redgauntlet: A Tale of the Eighteenth Century"
59,6942,"The Heart of Mid-Lothian, Volume 1"
27,1952,"The Yellow Wallpaper"
27,32,"Herland"
27,3015,"The Man-Made World; Or, Our Androcentric Culture"
27,44481,"The home: its work and influence"
27,57913,"Women and Ec"
27,59227,"Index of the Project Gutenberg Works of Charlotte Perkins Gilman"
27,38551,"The Crux: A Novel"
27,3017,"The Forerunner, Volume 1 (1909-1910)"
27,40481,"Concerning Children"
27,3016,"What Diantha Did"
27,56931,"Suffrage Songs and Verses"
27,60481,"In this our world"
27,64098,"Human Work"
27,66864,"Moving the Mountain"
27,28582,"De economische toestand de"
18,11339,"Aesop's Fables; a new translation"
18,19994,"The Aesop for C"
18,21,"Aesop's"
18,28,"The Fables o"
18,49010,"Æsop's Fables: A Version for Young Readers"
18,25433,"The Baby's Own Aesop"
18,18732,"Aesop's Fables: A New Revised Version From Original Sources"
18,21189,"Aesop, in Rhyme: Old Friends in a New Dress"
1355,696,"The Castle of Otranto"
1355,2130,"Utopia"
1355,9334,"The Spectator, Volume 1"
1355,2428,"An Essay on Man; Moral Essays and Satires"
1355,4010,"Marmion: A Tale Of Flodden Field"
1355,2643,"The History of John Bull"
1355,12030,"The Spectator, Volumes 1, 2 and 3"
1355,623,"The Battle of the Books, and other Short Pieces"
1355,5500,"The Advancement of Learning"
1355,3820,"Nathan the Wise; a dramatic poem in five acts"
1355,4737,"A Tale of a Tub"
1355,2445,"Letters on England"
1355,9841,"Selections from the Table Talk of Martin Luther"
1355,10430,"Trips to the Moon"
1355,14461,"Letters on Demonology and Witchcraft"
1355,2176,"Seven Discourses on Art"
1355,17574,"My Beautiful Lady.  Nelly Dale"
1355,17490,"The Memorable Thoughts of Socrates"
1355,5134,"Discoveries Made Upon Men and Matter and Some Poems"
1355,4272,"The Christian Year"
1355,2791,"Essays and Tales"
1355,2173,"Thoughts on the Present Discontents, and Speeches"
1355,6332,"Playful Poems"
1355,1739,"The Black Death, and The Dancing Mania"
1355,22387,"A Tour in Ireland. 1776-1779"
537,6593,"History of Tom Jones, a Foundling"
537,75512,"The life and adventures of a cat"
537,9611,"Joseph Andrews, Vol. 1"
537,31036,"The Lovers Assistant; Or, New Art of Love"
537,9609,"Joseph Andrews, Vol. 2"
537,6098,"Amelia — Complete"
537,5256,"The History of the Life of the Late Mr. Jonathan Wild the Great"
537,1147,"A Journey from This World to the Next"
537,13182,"Prefaces and prologues to famous books :  with introductions, notes and illustrations"
537,30962,"An Apology for the Life of Mrs. Shamela Andrews"
537,1146,"The Journal of a Voyage to Lisbon"
537,37923,"The Old Debauchees. A Comedy"
537,58249,"Index of the Project Gutenberg Works of Henry Fielding"
537,43520,"The Works of Henry Fielding, "
537,6828,"The Works of Henry Fielding, vol. 12"
537,75023,"Tom Jones :  De lotgevallen van een vondeling (Dutch)"
537,6096,"Amelia — Volume 2"
537,6095,"Amelia — Volume 1"
537,6097,"Amelia — Volume 3"
603,16389,"The Enchanted April"
603,1327,"Elizabeth and Her German Garden"
603,59307,"The April Baby's Book of Tunes"
603,36295,"The Pastor's Wife"
603,34366,"Vera"
603,35282,"Fräulein Schmidt and Mr. Anstruther"
603,5991,"The Solitary Summer"
603,72979,"Introduction to Sally"
603,13141,"The Princess Priscilla's Fortnight"
603,35072,"In the Mountains"
603,33762,"The Adventures of Elizabeth in Rügen"
603,73308,"Love"
603,14646,"Christopher and Columbus"
603,30302,"The Benefactress"
603,72356,"The caravaners"
603,12683,"Christine"
204,521,"The Life and Adventures of Robinson Crusoe"
204,376,"A Journal of the Plag"
204,40580,"A General History of the P"
204,370,"The Fortunes and Misfortunes of the Famous Moll Flanders"
204,30344,"The Fortunate Mistress (Parts 1"
204,24915,"Voyages et Aventures Surprenantes de Robinson Crusoé (French)"
204,11866,"The Life and Most Surprising Adventures of Robinson Crusoe, of York, Mariner (1801)"
204,12623,"The Life and Adventures of Robinson Crusoe (1808)"
204,4087,"An Essay Upon Projects"
204,31053,"The History of the Devil, As Well Ancient as Modern: In Two Parts"
204,10135,"The Great English Short-Story Writers, Volume 1"
204,36587,"A True Relation of the Apparition of one Mr"
204,6422,"The Life, Adventures &amp; Piracies of the Famous Captain Singleton"
204,14444,"The Complete English Tradesman (1839 ed.)"
204,50732,"Rebilius Cruso: Robinson Crusoe, in Latin; a book to lighten tedium to a learner (Latin)"
204,561,"The Further Adventures of Robinson Crusoe"
204,57005,"The History of the Pyrates. V"
204,73564,"The buccaneers and marooners of America :  Being an account of the famous adventures and daring deeds of certain notorious freebooters of the Spanish Main"
204,983,"Tour through the Eastern Counties of England, 1722"
204,30159,"The True-Born Englishman: A Satire"
204,7779,"Of Captain Mission"
306,3090,"Complete Original Short Stories of Guy De Maupassant"
306,12949,"Contes Français (French)"
306,3733,"Bel Ami; Or, The History of a Scoundrel: A Novel"
306,3080,"Original Short Stories — Volume 04"
306,21327,"The Works of Guy de Maupassant,"
306,10775,"Le Horla (French)"
306,3804,"Pierre and Jean"
306,15143,"Famous Modern Ghost Stories"
306,12732,"A collection of short-stories"
306,593,"A Selection from the Writings of Guy De Maupassant, Vol. I"
306,57430,"Œuvres complètes de Guy de Maupassant - volume 13 (French)"
306,12758,"Library of the World's Best Mystery and Detective Stories"
306,14790,"Contes du jour et de la nuit (French)"
306,10577,"International Short Stories: French"
306,17376,"The Works of Guy de Maupassant, Volume 3"
306,10746,"Boule de Suif (French)"
306,45119,"Œuvres complètes de Guy de Maupassant - volume 01 (French)"
306,21655,"The works of Guy de Maupassant,"
306,3077,"Original Short Stories — Volume 01"
306,3078,"Original Short Stories — Volume 02"
306,3083,"Original Short Stories — Volume 07"
306,72608,"Miss Harriet (Hungarian)"
306,50144,"Œuvres complètes de Guy de Maupassant - volume 05 (French)"
306,28076,"Original Short Stories, Complete, Volumes 1-13"
306,53247,"Œuvres complètes de Guy de Maupassant - volume 09 (French)"
104,4517,"Ethan Frome"
104,541,"The Age of Innocence"
104,284,"The House of Mirth"
104,62147,"Au temps de l'innocence (French)"
104,166,"Summer"
104,40367,"The Decoration of Houses"
104,11052,"The Custom of the Country"
104,39042,"In Morocco"
104,4514,"Tales of Men and Ghosts"
104,57584,"The Book of the Homeless (Le livre des sans-foyer) (French)"
104,24131,"Xingu"
104,306,"The Early Short Fiction of Edith Wharton — Part 2"
104,24350,"Kerfol"
104,311,"Bunner Sisters"
104,283,"The Reef"
104,4327,"The Valley of Decision"
104,4519,"The Descent of Man and Other Stories"
104,9190,"The Greater Inclination"
104,1263,"The Glimpses of the Moon"
104,267,"The Touchstone"
104,70844,"Twilight sleep"
104,24351,"The Triumph Of Night"
104,295,"The Early Short Fiction of Edith Wharton — Part 1"
408,1260,"Jane Eyre: An Autobiography"
408,9182,"Villette"
408,30486,"Shirley"
408,1028,"The Professor"
408,1019,"Poems by Currer, Ellis, and Acton Bell"
408,771,"Biographical Notes on the Pseudonymous Bells"
408,16235,"Jane Eyre; ou Les mémoires d'une institutrice (French)"
408,73858,"The twelve adventurers, and other stories"
408,47275,"Kotiopettajattaren romaani (Jane Eyre) (Finnish)"
408,54254,"The Search After Hapiness [sic]: A Tale"
408,53747,"Richard Coeur de Lion and Blondel"
408,48125,"Syrjästäkatsojan tarina (Finnish)"
761,1951,"The Coming Race"
761,2664,"Zanoni"
761,1565,"The Last Days of Pompeii"
761,7735,"Paul Clifford — Complete"
761,1396,"Rienzi, the Last of the Roman Tribunes"
761,9762,"Calderon the Courtier, a Tale"
761,6156,"Athens: Its Rise and Fall, Complete"
761,9755,"Night and Morning, Complete"
761,7614,"Eugene Aram — Complete"
761,7727,"The Last of the Barons — Complete"
761,7623,"Pelham — Complete"
761,7605,"The Caxtons: A Family Picture — Complete"
761,7684,"Harold : the Last of the Saxon Kings — Complete"
761,7701,"A Strange Story — Complete"
761,7714,"My Novel — Complete"
761,7749,"The Parisians — Complete"
761,7691,"Lucretia — Complete"
761,7649,"Ernest Maltravers — Complete"
761,34298,"The Poetical Works of Sir Edward Bulwer Lytton, Bart. M.P."
761,7658,"Kenelm Chillingly — Complete"
761,7671,"What Will He Do with It? — Complete"
761,1831,"The Lock and Key Library: Classic Mystery and Detective Stories: Old Time English"
761,2461,"The Lady of Lyons; Or, Love and Pride"
761,8206,"The Pilgrims of the Rhine"
761,9761,"Leila or, the Siege of Granada, Complete"
1325,5197,"My Life — Volume 1"
1325,31963,"The Flying Dutchman (Der Fliegende Hollaender): Romantic Opera in Three Acts (German)"
1325,16250,"Tristan and Isolda: Opera in Three Acts"
1325,49507,"Siegfried &amp; The Twilight of t"
1325,48214,"The Rhinegold &amp; The V"
1325,47139,"Stories from Wagner"
1325,27769,"Der Fliegende Hollaender (German)"
1325,49977,"La Tétralogie de l'Anneau du Nibelung (French)"
1325,26943,"Le Vaisseau fantôme (Der Fliegende Holländer) (French)"
1325,3835,"Correspondence of Wagner and Liszt — Volume 1"
1325,5144,"My Life — Volume 2"
1325,4234,"Correspondence of Wagner and Liszt — Volume 2"
1325,11633,"P"
1325,46119,"The Valkyries"
1325,4523,"On Conducting (Üeber Das Dirigiren) : A Treatise on Style in the Execution of Classical Music"
26815,394,"Cranford"
26815,56949,"The Humour of America"
26815,69421,"The humour of Germany"
26815,40487,"Happy-go-lucky"
26815,32992,"The Youngest Girl in the School"
26815,43234,"Bright Ideas: A Record of Invention and Misinvention"
26815,40555,"No Man's Island"
26815,40364,"The Blue Raider: A Tale of Adventure in the Southern Seas"
26815,41737,"Burton of the Flying Corps"
26815,28804,"Oswald Bastable and Others"
26815,25493,"A Cathedral Courtship"
26815,69609,"Martin of old London"
26815,34105,"Idonia: A Romance of Old London"
26815,24922,"The Honourable Mr. Tawnish"
26815,43787,"Madame Corentine (French)"
1736,5200,"Metamorphosis"
1736,7849,"The Trial"
1736,63849,"Bambi"
1736,58344,"Siddhartha: A Poem of India"
898,27827,"The Kama Sutra of Vat"
898,3448,"The Book of the Thousand Nights and a Night — Volume 14"
898,3435,"The Book of the Thousand Nights and a Night — Volume 01"
898,2400,"Vikram and the Vampire: Classic Hindu Tales of Adventure, Magic, and Romance"
898,3438,"The Book of the Thousand Nights and a Night — Volume 04"
898,61751,"The Book of the Sword"
898,58722,"Index of the Project Gutenberg Works of Richard F. Burton"
898,51252,"A Plain and Literal Translation of the Arabian Nights Entertainments, Now Entituled the Book of the Thousand Nights and a Night, Volume 01 (of 17)"
898,20732,"The Carmina of Caius Valerius Catullus"
898,58360,"A Plain and Literal Translation of the Arabian Nights Entertainments, Now Entituled the Book of the Thousand Nights and a Night, Volume 10 (of 17)"
898,3450,"The Book of the Thousand Nights and a Night — Volume 16"
898,3444,"The Book of the Thousand Nights and a Night — Volume 10"
898,57208,"The Jew, The Gypsy and El Islam"
898,3439,"The Book of the Thousand Nights and a Night — Volume 05"
898,6036,"The Kasîdah of Hâjî Abdû El-Yezdî"
898,3445,"The Book of the Thousand Nights and a Night — Volume 11 [Supplement]"
898,59584,"Ultima Thule; or, A Summer in Iceland. vol. 1/2"
898,3447,"The Book of the Thousand Nights and a Night — Volume 13"
898,4657,"Personal Narrative of a Pilgrimage to Al-Madinah &amp; Meccah — Volume 1"
898,3436,"The Book of the Thousand Nights and a Night — Volume 02"
898,54778,"A Plain and Literal Translation of the Arabian Nights Entertainments, Now Entituled the Book of the Thousand Nights and a Night, Volume 07 (of 17)"
898,54525,"A Plain and Literal Translation of the Arabian Nights Entertainments, Now Entituled the Book of the Thousand Nights and a Night, Volume 06 (of 17)"
898,48511,"Vikram and the Vampire; or, Tales of Hindu Devilry"
898,8821,"To The Gold Coast for Gold: A Personal Narrative. Vol. I"
898,66791,"The City of the Saints, and Across the Rocky Mountains to California"
48,62,"A Princess of Mars"
48,106,"Jungle Tales of Tarzan"
48,85,"The Beasts of Tarzan"
48,123,"At the Earth's Core"
48,81,"The Return of Tarzan"
48,72,"Thuvia, Maid of Mars"
48,1153,"The Chessmen of Mars"
48,90,"The Son of Tarzan"
48,149,"The Lost Continent"
48,605,"Pellucidar"
48,92,"Tarzan and the Jewels of Opar"
48,551,"The Land That Time Forgot"
48,96,"The Monster Men"
48,331,"The Mucker"
48,1401,"Tarzan the Untamed"
48,369,"The outlaw of Torn"
48,69703,"The master mind of Mars"
48,364,"The Mad King"
23,110,"Tess of the d'Urbervilles: A Pure Woman"
23,143,"The Mayor of Casterbridge"
23,107,"Far from the Madding Crowd"
23,122,"The Return of the Native"
23,153,"Jude the Obscure"
23,224,"A pair of blue eyes"
23,4043,"The Dynasts: An Epic-Drama of the War with Napoleon"
23,2662,"Under the Greenwood Tree; Or, The Mellstoc"
23,57584,"The Book of the Homeless (Le livre des sans-foyer) (French)"
23,482,"The Woodlanders"
23,10135,"The Great English Short-Story Writers, Volume 1"
23,3044,"Desperate Remedies"
23,3056,"Wessex Tales"
23,3469,"The Hand of Ethelberta: A Comedy in Chapters"
23,3047,"Life's Little "
23,3258,"A Laodicean : A Story of To-day"
23,58250,"Index of the Project Gutenberg Works of Thomas Hardy"
23,3146,"Two on a Tower"
23,2863,"Satires of Circumstance, Lyrics and Reveries, with Miscellaneous Pieces"
23,3167,"Wessex Poems and Other Verses"
23,3168,"Poems of the Past and the Present"
23,3255,"Moments of Vision and Miscellaneous Verses"
355,5827,"The Problems of Philosophy"
355,2529,"The Analysis of Mind"
355,13940,"The Problem of China"
355,38280,"Modern Essays"
355,25447,"Mysticism and Logic and Other Essays"
355,37090,"Our Knowledge of the External World as a Field for Scientific Method in Philosophy"
355,72981,"Philosophy"
355,44932,"Free Thought and Official Propaganda"
355,59391,"Index of the Project Gutenberg Works of Bertrand Russell"
355,55610,"Why Men Fight: A method of abolishing the international duel"
355,73782,"What I believe"
355,690,"Proposed Roads to Freedom"
355,17350,"The Practice and Theory of Bolshevism"
355,4776,"Political Ideals"
355,70302,"Education and the good life"
355,67104,"The A B C of Relativity"
355,52091,"An essay on the foundations of geometry"
355,66225,"Icarus; or, The Future of Science"
748,1727,"The "
748,2199,"The Iliad"
748,1906,"Erewhon; Or, Over the Range"
748,49324,"The Authoress of the "
748,2084,"The Way of All Flesh"
748,6173,"The Note-Books of Samuel Butler"
748,12651,"The Humour of Homer and Other Essays"
748,6605,"Unconscious Memory"
748,23427,"Evolution, Old &amp; New"
748,6138,"Life and Habit"
748,2576,"Alps and Sanctuaries of Piedmont and the Canton Ticino"
748,4967,"Luck, or Cunning, as the Main Means of Organic Modification"
748,3279,"Canterbury Pieces"
748,2513,"God the Known and God the Unknown"
748,6092,"The Fair Haven"
748,3461,"Essays on Life, Art and Science"
748,3235,"A First Year in Canterbury Settlement"
748,1971,"Erewhon Revisited Twenty Years Later, Both by the Original Discoverer of the Country and by His Son"
748,3278,"Cambridge Pieces"
748,19610,"Selections from Previou"
748,4073,"Ex Voto: An Account of the Sacro Monte or New Jerusalem at Varall"
226,408,"The Souls of Black Folk"
226,15210,"Darkwater: Voices from Within the Veil"
226,15041,"The Negro Problem"
226,17700,"The Suppression of the African Slave Trade to the United States of America"
226,15265,"The Quest of the Silver Fleece: A Novel"
226,15359,"The Negro"
226,31254,"The Conservation of Races"
226,62799,"John Brown"
226,66398,"The Gift of Black Folk: The Negroes in the Making of America"
226,35399,"The Negro in the South"
226,71222,"The crisis :  A record of the darker races, Vol. I, No. 1, November 1910"
226,71650,"The crisis :  A record of the darker races, Vol. I, No. 3, January 1911"
226,62582,"The social evolution of the Black South"
467,3825,"Pygmalion"
467,1097,"Mrs. Warren's Profession"
467,3328,"Man and Superman: A Comedy and a Philosophy"
467,3618,"Arms and the Man"
467,3790,"Major Barbara"
467,3543,"Heartbreak House"
467,3329,"Caesar and Cleopatra"
467,943,"Misalliance"
467,2175,"You Never Can Tell"
467,5070,"The Doctor's Dilemma"
467,4023,"Candida"
467,4003,"Androcles and the Lion"
467,27726,"Tolstoy on Shakespeare: A Critical Essay on Shakespeare"
467,4024,"The Man of Destiny"
467,3544,"How He Lied to Her Husband"
467,1050,"The Dark Lady of the Sonnets"
467,13084,"Back to Methuselah: A Metabiological Pentateuch"
467,3612,"John Bull's Other Island"
467,3638,"The Devil's Disciple"
467,3487,"Augustus Does His Bit: A True-to-Life Farce"
467,5604,"Getting Married"
467,5069,"The Doctor's Dilemma: Preface on Doctors"
467,1487,"The Perfect Wagnerite: A Commentary on the Niblung's Ring"
467,908,"Treatise on Parents and Children"
972,2591,"Grimms' Fairy Tales"
972,5314,"Household Tales by Brothers Grimm"
972,11027,"Grimm's Fairy Stories"
972,52521,"Grimm's Fairy Tales"
972,19068,"Household Stories by the Brothers Grimm"
972,59508,"Index of the Project Gutenberg Works of the Brothers Grimm"
972,37381,"Snowdrop &amp; Other Tales"
972,28044,"Kopciuszek: Baśń fantastyczna (Polish)"
972,30510,"Perolas e Diamantes: Contos Infantis (Portuguese)"
972,40088,"Grimm testvérek összegyüjtött meséi (Hungarian)"
972,16846,"Mjallhvít: Æfintýri Handa Börnum (Icelandic)"
972,22555,"Sprookjes: Tweede verzameling (Dutch)"
972,12250,"Contes choisis de la famille (French)"
972,45046,"Koti-satuja Lapsille ja Nuorisolle (Finnish)"
972,60706,"nan"
971,2591,"Grimms' Fairy Tales"
971,5314,"Household Tales by Brothers Grimm"
971,11027,"Grimm's Fairy Stories"
971,52521,"Grimm's Fairy Tales"
971,19068,"Household Stories by the Brothers Grimm"
971,59508,"Index of the Project Gutenberg Works of the Brothers Grimm"
971,37381,"Snowdrop &amp; Other Tales"
971,28044,"Kopciuszek: Baśń fantastyczna (Polish)"
971,30510,"Perolas e Diamantes: Contos Infantis (Portuguese)"
971,40088,"Grimm testvérek összegyüjtött meséi (Hungarian)"
971,16846,"Mjallhvít: Æfintýri Handa Börnum (Icelandic)"
971,22555,"Sprookjes: Tweede verzameling (Dutch)"
971,12250,"Contes choisis de la famille (French)"
971,45046,"Koti-satuja Lapsille ja Nuorisolle (Finnish)"
971,60706,"nan"
7862,52319,"The Genealogy of Morals"
7862,51356,"The Birth of Tragedy; or, Hellenism and Pessimism"
7862,52263,"The Twilight of the Idols; or, How to Philosophize with the Hammer. The Ant"
7862,52190,"Ecce Homo"
7862,52914,"The Will to Power: An Attempted Transvaluation of All Values. Book I and II"
7862,52881,"The Joyful Wisdom (La Gaya Scienza)"
7862,52915,"The Will to Power: An Attempted Transvaluation of All Values. Book III and IV"
7862,51935,"Human, All-Too-Human: A Book for Free Spirits,"
7862,52124,"The Joyful Wisdom (La Gaya Sc"
7862,52166,"The Case of Wagner"
7862,51548,"Early Greek Philosophy &amp; Other Essays"
7862,18267,"We Philo"
7862,69751,"The inequality of human races"
7862,31305,"Atta Troll"
7862,18188,"Homer and Classical Philology"
7862,28146,"On the Future of our Educational Institutions"
7862,51580,"On the Future of our Educational Institutions; Homer and Classical Ph"
7862,51710,"Thoughts out of Season,"
7862,53260,"Nietzsche: His Life and Works"
907,6130,"The Iliad"
907,9800,"The Rape of the Lock, and Other Poems"
907,3160,"The Odyssey"
907,35977,"Letters of Abelard and "
907,2428,"An Essay on Man; Moral Essays and Satires"
907,7409,"An Essay on Criticism"
907,9601,"The Poetical Works of Alexander Pope, Volume 2"
907,32190,"The Works of Alexander Pope, V"
907,58845,"Index of the Project Gutenberg Works of Alexander Pope"
907,43271,"The Works of Alexander Pope, Volume 2 (of 10)"
907,9413,"The Poetical Works of Alexander Pope, Volume 1"
907,37667,"Three Hours after Marriage"
907,62187,"The Quiet Life: Certain Verses by Various Hands"
907,22870,"Epistola de Heloysa a A"
907,25680,"La boucle de cheveux enlevée (French)"
563,1232,"The Prince"
563,10827,"Discourses on the First Decade of Titus Livius"
563,15772,"Machiavelli, Volume I"
563,2464,"History of Florence and of the Affairs o"
563,39816,"Macchiavellis Buch vom Fürsten (German)"
563,56498,"La mandragola - La Clizia - Belfagor (Italian)"
563,45472,"Ruhtinas (Finnish)"
4589,2600,"War and Peace"
4589,64908,"What Is Art?"
4589,6157,"What Men Live By, and Other Tales"
4589,986,"Master and Man"
4589,985,"Father Sergius"
4589,4761,"The Cossacks: A Tale of 1852"
4589,26661,"The Power of Darkness"
4589,67224,"The Devil"
4589,26660,"Plays: Complete Edition, Including the Posthumous Plays"
4589,26664,"The Live Corpse"
4589,52242,"The Life of Tolstoy: First Fifty Years"
4589,26663,"Fruits of Culture"
4589,51018,"Three Days in the Village, and Other Sk"
4589,26662,"The First Distiller"
4589,26666,"The Light Shines in Darkness"
4589,26665,"The Cause of it All"
1426,4280,"The Critique of Pure Reason"
1426,50922,"Perpetual Peace: A Philosophical Essay"
1426,5682,"Fundamental Principles of the Metaphysic of Morals"
1426,5683,"The Critique of Practical Reason"
1426,48433,"Kant's Critique of Judgement"
1426,52821,"Kant's Prolegomena to Any Future Metaphysics"
1426,55925,"Kant's gesammelte Schriften. Band V. Kritik der Urtheilskraft. (German)"
1426,59023,"Index of the Project Gutenberg Works of Immanuel Kant"
1426,5637,"Literary and Philosophical Essays: French, German and Italian"
1426,6343,"Kritik der reinen V"
1426,49543,"Kant's gesammelte Schriften. Band V. Kritik der praktischen Vernunft. (German)"
1426,46873,"Zum ewigen Frieden: Ein philosophischer Entwurf (German)"
1426,41197,"Beobachtungen über das Gefühl des Schönen und Erhabenen (German)"
1426,30821,"Beantwortung der Frage: Was ist Aufklärung? (German)"
1426,56182,"Die Religion innerhalb der Grenzen der bloßen Vernunft (German)"
1426,5684,"The Metaphysical Elements of Ethics"
1426,38754,"Was heißt: sich im Denken orientieren? (German)"
1426,36076,"Träume eines Geistersehers, erläutert durch Träume der Metaphysik (German)"
1426,38295,"Von der Macht des Gemüts, durch den bloßen Vorsatz seiner krankhaften Gefühle Meister zu sein (German)"
1426,38755,"Über die Vulkane im Monde (German)"
1426,46060,"Of the Injustice of Counterfeitin"
1426,68216,"Kant prolegomenái minden leendő metafizikához (Hungarian)"
1269,50150,"The Devil is an Ass"
1269,4081,"The Alchemist"
1269,5333,"Every Man in His Humor"
1269,4039,"Volpone; Or, The Fox"
1269,4011,"Epicoene; Or, The Silent Woman"
1269,49461,"Bartholomew Fair: A Comedy"
1269,5134,"Discoveries Made Upon Men and Matter and Some Poems"
1269,3695,"Every Man out of His Humour"
1269,5166,"The Poetaster"
1269,5232,"Sejanus: His Fall"
1269,3771,"Cynthia's Revels; Or, The Fountain of Self-Love"
1269,3694,"Every Man in His Humour"
4931,10676,"The Reign of Greed"
4931,35899,"The Philippines a Century Hence"
4931,6737,"The Social Cancer: A Complete English Version of Noli Me Tangere"
4931,6885,"The Indolence of the Filipino"
1705,34901,"On Liberty"
1705,11224,"Utilitarianism"
1705,27083,"The Subjection of Women"
1705,5669,"Considerations on Representative Government"
1705,30107,"Principles of Political "
1705,27942,"A System of Logic, Ratiocinative and Inductive"
1705,10378,"Autobiography"
1705,26495,"A System of Logic, Ratiocinative and Inductive (Vol. 1 of 2)"
1705,38138,"Socialism"
1705,5123,"The Contest in America"
1705,16833,"Auguste Comte and Positivism"
1705,56441,"Analysis of the Phenomena of the Human Mind"
1705,58583,"Index of the Project Gutenberg Works of John Stuart Mill"
1705,35420,"A System of Logic: Ratiocinative and Inductive, 7th Edition, Vol. I"
1705,35421,"A System of Logic: Ratiocinative and Inductive, 7th Edition, Vol. II"
1705,62047,"La libertà (Italian)"
1705,12004,"Essays on some unsettled Questions of Political Economy"
1705,52758,"Om Tanke- och Yttrandefrihet (Swedish)"
1705,51543,"Vapaudesta (Finnish)"
73,17396,"The Secret Garden"
73,146,"A Little P"
73,479,"Little Lord Fauntleroy"
73,384,"The Lost Prince"
73,137,"Sara Crewe; Or, What Happened at Miss Minchin's Boarding School"
73,17226,"Emily Fox-Seton : being The making of a marchioness and The methods of Lady Walderhurst"
73,506,"The Shuttle"
73,460,"The Dawn of a To-morrow"
73,15651,"His Grace of "
73,18945,"Robin"
73,37332,"A Little Princess: Being the whole story of Sara Crewe now told for the first time"
73,459,"The White People"
73,9487,"A Fair Barbarian"
73,8574,"Racketty-Packetty House, as Told by Queen Crosspatch"
73,6491,"The Head of the House of Coombe"
73,25725,"That Lass O' Lowrie's"
73,1550,"A Lady of "
73,25726,"The pretty sister "
37155,76,"Adventures of Huckleberry Finn"
37155,62942,"Modern Short Stories: A Book for High Schools"
37155,32325,"The Adventures of Huckleberry Finn (Tom Sawyer's Comrade)"
37155,15886,"The Strength of Gideon and Other Stories"
37155,59121,"E. K"
37155,59476,"More E. K"
37155,74993,"Folks from Dixie"
37155,50701,"On the Plantation: A Story of a Georgia Boy's Adventures during the War"
37155,51925,"Danny's Own Story"
37155,61149,"Further E. K"
37155,60804,"Daddy Jake the Runaway, and Short Stories Told after Dark"
37155,61608,"Samantha on the Race Problem"
37155,66411,"Samantha Among the Colored Folks: My Ideas on the Race Problem"
9248,38433,"Notes and Queries, Vol. IV, Number 97, September "
9248,42794,"Notes and Queries, Index to Eighth Volume, July-Decemb"
9248,37516,"Notes and Queries, Vol. III, Number 87, June 2"
9248,27010,"Notes and Queries, Number 213, November 2"
9248,38491,"Notes and Queries, Vol. IV, Number 98, September 1"
9248,37778,"Notes and Queries, Vol. IV, Number 91, July 2"
9248,37496,"Notes and Queries, Vol. III, Number 86, June 2"
9248,38574,"Notes and Queries, Vol. IV, Number 99, September 2"
9248,37548,"Notes and Queries, Vol. IV, Number 88, July "
9248,27008,"Notes and Queries, Number 211, November 1"
9248,24803,"Notes and Queries, Number 60, December 2"
9248,23225,"Notes and Queries, Number 73, March 2"
9248,22127,"Notes and Queries, Number 34, June 2"
9248,22138,"Notes and Queries, Number 54, November "
9248,26770,"Notes and Queries, Index of Volume 3, January-Jun"
9248,23027,"Notes and Queries, Number 69, February 2"
9248,38864,"Notes and Queries, Vol. IV, Number 103, October 1"
9248,42781,"Notes and Queries, Number 166, January "
9248,20954,"Notes and Queries, Number 179, April 2"
9248,30594,"Notes and Queries, Number 215, December 1"
9248,31398,"Notes and Queries, Number 238, May 2"
9248,20364,"Notes and Queries, Number 189, June 1"
9248,34195,"Notes and Queries, Number 229, March 1"
9248,39393,"Notes and Queries, Vol. IV, Number 111, December 1"
9248,20409,"Notes and Queries, Number 186, May 2"
34,41,"The Legend of Sleepy Hollow"
34,60976,"Rip Van Winkle"
34,2048,"The Sketch-Book of Geoffrey Crayon"
34,13042,"Knickerbocker's History of New York, Complete"
34,20656,"Old Christmas: from the Sketch Book of Washington Irving"
34,40196,"The Oxford Book of American Essays"
34,49947,"The Alhambra"
34,13514,"Tales of a Traveller"
34,3293,"Chronicle of the Conquest of Granada, from the mss. of Fray Antonio Agapida"
34,10135,"The Great English Short-Story Writers, Volume 1"
34,21964,"The Short-story"
34,1372,"The Adventures of Captain Bonneville, U. S. A., in the Rocky Mountains and the Far West"
34,1371,"Astoria; Or, Anecdotes of an Enterprise Beyond the Rocky Mountains"
34,58172,"Index of the Project Gutenberg Works of Washington Irving"
34,2043,"The Lock and Key Library: The most interesting stories of all nations: American"
34,13515,"Bracebridge Hall, or The Humorists"
34,1850,"Old Christmas"
34,8571,"Wolfert's Roost, and Miscellanies"
34,32987,"The Student's Life of Washington; Condensed from the Larger Work of Washington Irving"
34,8519,"The Life and Voyages of Christopher Columbus (Volume II)"
34,46496,"Cuentos Clásicos del Norte, Segunda Serie (Spanish)"
34,7994,"The Crayon Papers"
54,205,"Walden, and On The Duty Of Civil Disobedience"
54,71,"On the Duty of Civil Disobedience"
54,1022,"Walking"
54,40196,"The Oxford Book of American Essays"
54,57393,"Journal 01, 18"
54,42500,"The Main"
54,34392,"Cape Cod"
54,59988,"Poems of Nature"
54,59031,"Journal 02, 1850-September 1"
54,43523,"Familiar "
54,2567,"A Plea for Captain Joh"
54,4232,"A Week on the Concord and Merrimack Rivers"
54,34990,"Canoeing in the wilderness"
54,57837,"The gift of friendship"
54,9846,"Excursions"
54,42553,"Excursions, an"
54,58273,"Index of the Project Gutenberg Works of Henry David Thoreau"
54,4066,"Wild Apples"
54,59813,"The Footpath Way: An Anthology for Walkers"
54,70123,"A Yankee in Canada, with Anti-slavery and reform papers."
54,63459,"Paradise (to be) Regained"
54,60951,"The Service"
500,2600,"War and Peace"
500,6157,"What Men Live By, and Other Tales"
500,986,"Master and Man"
500,1938,"Resurrection"
500,985,"Father Sergius"
500,4761,"The Cossacks: A Tale of 1852"
500,26661,"The Power of Darkness"
500,26660,"Plays: Complete Edition, Including the Posthumous Plays"
500,26664,"The Live Corpse"
500,26663,"Fruits of Culture"
500,51018,"Three Days in the Village, and Other Sk"
500,26662,"The First Distiller"
500,26666,"The Light Shines in Darkness"
500,26665,"The Cause of it All"
9854,1260,"Jane Eyre: An Autobiography"
9854,699,"A Child's History of England"
9854,56513,"The Simple Adventures of a Memsahib"
9854,21514,"Gryll Grange"
9854,45623,"The Old Maids' Club"
9854,43141,"Jill: A Flower Girl"
9854,45925,"An American Girl in London"
9854,40640,"The Following of the Star: A Romance"
9854,46093,"Secrets of the Sword"
9854,47718,"Mr. Punch at Home: The Comic Side of Domestic Life"
9854,59454,"In the vine country"
9854,40897,"The Burglars' Club: A Romance in Twelve Chronicles"
913,19942,"Candide"
913,18569,"Voltaire's Philosophical Dictionary"
913,30123,"Micromegas"
913,2445,"Letters on England"
913,17607,"Superstition in all ages"
913,4650,"Candide, ou l'optimisme (French)"
913,18972,"Zadig; Or, The Book of Fate"
913,12758,"Library of the World's Best Mystery and Detective Stories"
913,10577,"International Short Stories: French"
913,57958,"Index of the PG Works of Voltaire in English"
913,35621,"A Philosophical Dictionary, Volume 01"
913,64858,"Toleration and other essays"
913,35625,"A Philosophical Dictionary, Volume 05"
913,35595,"Voltaire's Romances, Complete in One Volume"
913,49726,"The Works of Voltaire, Vol. IV of XLIII."
913,35630,"A Philosophical Dictionary, Volume 10"
913,35627,"A Philosophical Dictionary, Volume 07"
913,35280,"Ο Αγαθούλης (Modern Greek (1453-))"
913,73122,"Voltaire's history of Charles XII, king of Sweden"
913,4649,"Micromégas (French)"
913,35624,"A Philosophical Dictionary, Volume 04"
913,35622,"A Philosophical Dictionary, Volume 02"
913,35626,"A Philosophical Dictionary, Volume 06"
2447,7370,"Second Treatise of Government"
2447,10615,"An Essay Concerning Humane Understanding, V"
2447,61531,"nan"
5845,61580,"Politikai divatok: Regény (Hungarian)"
5845,64502,"Életemből (II. rész) (Hungarian)"
5845,56854,"A kik kétszer halnak meg (1. rész) (Hungarian)"
5845,55647,"Fekete gyémántok (Hungarian)"
5845,57414,"Rákóczy fia: Regény (Hungarian)"
5845,56912,"Novellák (Hungarian)"
5845,56723,"Eppur si muove – És mégis mozog a föld (1. rész) (Hungarian)"
5845,37286,"Tales From Jókai"
5845,56636,"Kárpáthy Zoltán: Regény (Hungarian)"
5845,57029,"Megtörtént regék: Beszélyek (Hungarian)"
5845,1552,"The Lock and Key Library: The Most Interesting Stories of All Nations: North Europe — Russian — Swedish — Danish — Hungarian"
5845,18705,"The Poor Plutocrats"
5845,57233,"A kis királyok (1. rész) (Hungarian)"
5845,32668,"Black Diamonds: A Novel"
5845,56627,"Szélcsend alatt; Az életből ellesve (Hungarian)"
5845,64750,"Fráter György: Történelmi regény (1. rész) (Hungarian)"
5845,31409,"Timar's Two Worlds"
5845,56818,"Páter Péter; Asszonyt kisér — Istent kisért (Hungarian)"
5845,61893,"A kőszivű ember fiai (2. rész): Regény (Hungarian)"
5845,56296,"Török világ Magyarországon (2"
5845,34503,"The Green Book; Or, Freedom Under the Snow: A Novel"
5845,56855,"A kik kétszer halnak meg (2. rész) (Hungarian)"
5845,61446,"Szegény gazdagok: Regény (Hungarian)"
5845,56189,"Erdély aranykora: Regény (Hungarian)"
5845,23608,"The Day of Wrath"
2297,6867,"Lineage, Life and Labors of José Rizal, Philippine Patriot"
2297,42884,"The Philippine Islands, 1493-1898, Volume 33, 15"
2297,13701,"The Philippine Islands, 1493-1898 — Volume 0"
2297,16501,"The Philippine Islands, 1493-1803 — Volume 0"
2297,7001,"History of the Philippine Islands"
2297,30253,"The Philippine Islands, 1493-1898 - Volume 40 of 55, 16"
2297,57431,"The Philippine Islands, 1493-1898, Volume 52, 18"
2297,35391,"The Philippine Islands, 1493-1898, Volume 43, 16"
2297,47927,"The Philippine Islands, 1493-1898—Volume 34 of 55, 1519-1522; 12"
2297,50111,"The Philippine Islands, 1493-1898, Volume 38, 16"
2297,15530,"The Philippine Islands, 1493-1898 — Volume 1"
2297,25930,"The Philippine Islands, 1493-1898 — Volume 2"
2297,47953,"The Philippine Islands, 1493-1898, Volume 37, 16"
2297,52681,"The Philippine Islands, 1493-1898; Volume 46, 17"
2297,54740,"The Philippine Islands, 1493-1898: Volume 48, 17"
2297,57304,"The Philippine Islands, 1493-1898, Volume 51, 18"
528,56528,"Germinal"
528,6626,"Theresa Raquin"
528,8600,"L'Assommoir"
528,56622,"Correspondance: Les lettres et les arts (French)"
528,55517,"Correspondance: Lettres de jeunesse (French)"
528,1069,"Four Short Stories By Emile Zola"
528,15900,"His Masterpiece"
528,54726,"The Ladies' Paradise"
528,10577,"International Short Stories: French"
528,5744,"The Fat and the Thin"
528,16852,"Au bonheur des dames (French)"
528,5250,"Nana (French)"
528,5711,"Germinal (French)"
528,17517,"L'Œuvre (French)"
528,57038,"The Monomaniac (La bête humaine)"
528,29004,"English Translations of Works of Emi"
528,6497,"L'Assommoir (French)"
528,5135,"The Fortune of the Rougons"
528,56799,"The Downfall (La Débâcle): A Story of the Horrors of War"
528,14200,"Abbe Mouret's Transgression"
528,54687,"The Ladies' Paradise: A Realistic Novel"
528,17557,"Son Excellence Eugène Rougon (French)"
528,8726,"The Three Cities Trilogy: Rome, Complete"
528,17516,"L'Argent (French)"
528,8516,"The Three Cities Trilogy: Lourdes, Complete"
451,69087,"The murder of Roger Ackroyd"
451,863,"The Mysterious Affair at Styles"
451,61262,"Poirot Investigates"
451,1155,"The Secret Adversary"
451,58866,"The Murder on the Links"
451,75288,"The Seven Dials mystery"
451,72824,"The mystery of the Blue Train"
451,61168,"The Man in the Brown Suit"
451,70114,"The Big Four"
451,65238,"The Secret of Chimneys"
451,66446,"The Plymouth Express Affair"
451,67173,"The Missing Will"
451,67160,"The Hunter's Lodge Case"
987,2650,"Du côté de chez Swann (French)"
987,7178,"Swann's Way"
987,2998,"A l'ombre des jeunes filles en fleurs - Première partie (French)"
987,60720,"La Prisonnière (Sodome et Gomorrhe III) (French)"
987,63532,"Within a Budding Grove"
987,2999,"A l'ombre des jeunes filles en fleurs — Deuxième partie (French)"
987,58698,"Les plaisirs et les jours (French)"
987,74090,"Le temps retrouvé Tome 1 (de 2) :  À la recherche du temps perdu vol.VII (French)"
987,73425,"The Guermantes Way"
987,3000,"A l'ombre des jeunes filles en fleurs — Troisième partie (French)"
987,15288,"Sodome et Gomorrhe - Première partie (French)"
987,61528,"Propos de peintre, première série: de David "
987,74091,"Le temps retrouvé Tome 2 (de 2) :  À la recherche du temps perdu vol.VII (French)"
987,62100,"Un amour de Swann (French)"
987,62615,"La Bible d'Amiens (French)"
987,8946,"Le Côté de Guermantes - Première partie (French)"
987,15075,"Sodome et Gomorrhe - Deuxième partie (French)"
987,64428,"Albertine disparue Vol 2"
987,12999,"Le Côté de Guermantes - Deuxième partie (French)"
987,64427,"Albertine disparue Vol 1"
987,13743,"Le Côté de Guermantes - Troisième partie (French)"
987,64145,"Pastiches et mélanges (French)"
987,64213,"Sésame et les lys: des trésors des rois, des jardins des reines (French)"
25412,51461,"A Pail of Air"
25412,28767,"The Defenders"
25412,31979,"The Tunnel Under the World"
25412,29579,"Watchbird"
25412,22559,"The Day of the Boomer Dukes"
25412,32067,"Atom Drive"
25412,23408,"Far from Home"
25412,29458,"Cost of Living"
25412,31644,"Helpfully Yours"
25412,32705,"Deadly City"
25412,71859,"Accept no substitutes"
25412,50766,"The Snowball Effect"
25412,29509,"Warm"
25412,32079,"The Small World of M-75"
25412,32745,"The Unlearned"
25412,32181,"Do Unto Others"
25412,71883,"The high ones"
25412,72339,"The towers of Titan"
25412,32744,"The Valley"
25412,72190,"The silent invaders"
25412,68730,"Exploration Team"
25412,22560,"The Worshippers"
25412,32327,"The Seventh Order"
25412,31976,"Derelict"
25412,51152,"Appointment In Tomorrow"
850,2911,"Justice"
850,2559,"The Forsyte Saga, Vo"
850,75539,"From the four winds"
850,9363,"The Best British Short Stories of 1922"
850,2906,"The Silver Box: A Comedy in Three Acts"
850,2596,"The Forsyte Saga, Volu"
850,4397,"The Forsyte Saga - Complete"
850,2594,"The Forsyte Saga, Vol"
850,2908,"Strife: A Drama in Three Acts"
850,2309,"The Freelands"
850,57584,"The Book of the Homeless (Le livre des sans-foyer) (French)"
850,2684,"Five Tales"
850,75431,"Abracadabra &amp; other satires"
850,2907,"Joy: A Play on the Letter I"
850,2918,"The First and the Last: A Drama in Three Scenes"
850,4765,"Loyalties"
850,2772,"The Country House"
850,28760,"The Works of John Galsworthy"
850,2913,"The Pigeon: A Fantasy in Three Acts"
850,2919,"The Little Man: A Farcical Morality in Three Scenes"
850,2639,"Villa Rubein, and Other Stories"
850,2771,"The Island Pharisees"
850,72577,"Bambi :  A life in the woods"
850,38172,"Atlantic Narratives: Modern Short Stories"
850,2192,"The Dark Flower"
